architecture is generated: 472 logical records after 5544 historical records
wrote 5544 sprites into 2048x2048 (654 KB)
  floor                              64 x   42
  sim                                38 x   88
  wallNS                             32 x  109
  wallEW                             32 x  109
  kitchenFridgeBuiltIn               58 x  102
  bathroomSinkSquare                 34 x   65
  showerRound                        58 x  102
  toiletSquare                       38 x   63
  bookcaseClosedDoors                58 x   88
  loungeSofaOttoman                  54 x   51
  televisionVintage                  44 x   59
  bedBunk                           122 x  136
  selectionRing                      64 x   42
  kitchenStove                       66 x   77
  kitchenCabinet                     66 x   76
  kitchenSink                        66 x   76
  table                             112 x   83
  chair                              50 x   80
  trashcan                           16 x   52
  loungeSofaLong                    122 x   92
  loungeChair                        50 x   70
  loungeChairRelax                   54 x   81
  radio                              46 x   54
  pottedPlant                        30 x   63
  cardboardBoxOpen                   80 x   88
  lampRoundFloor                     34 x   68
  coatRackStanding                   18 x   77
  bedDouble                         122 x   96
  sideTableDrawers                   54 x   65
  cabinetBedDrawer                   40 x   56
  desk                              112 x   83
  chairDesk                          48 x   77
  bookcaseClosedWide                 80 x  104
  bathtub                           118 x   87
  washerDryerStacked                 54 x   96
  wallCornerNW                        8 x  101
  doorwayNS                          32 x  109
  doorwayEW                          32 x  109
  kitchenStoveSW                     66 x   76
  kitchenCabinetSW                   66 x   76
  kitchenSinkSW                      66 x   76
  kitchenCabinetCornerInnerSW        66 x   76
  indicatorTalk                      26 x   26
  indicatorEat                       26 x   26
  indicatorSleep                     26 x   26
  indicatorWait                      26 x   26
  carried_ingredients                16 x   20
  carried_dinner                     18 x   14
  sim2                               38 x   88
  sim3                               38 x   88
  simTalkSE0                         38 x   88
  simTalkSE1                         38 x   88
  simTalkNW0                         38 x   88
  simTalkNW1                         38 x   88
  simTalkSW0                         38 x   88
  simTalkSW1                         38 x   88
  simTalkNE0                         38 x   88
  simTalkNE1                         38 x   88
  sim2TalkSE0                        38 x   88
  sim2TalkSE1                        38 x   88
  sim2TalkNW0                        38 x   88
  sim2TalkNW1                        38 x   88
  sim2TalkSW0                        38 x   88
  sim2TalkSW1                        38 x   88
  sim2TalkNE0                        38 x   88
  sim2TalkNE1                        38 x   88
  sim3TalkSE0                        38 x   88
  sim3TalkSE1                        38 x   88
  sim3TalkNW0                        38 x   88
  sim3TalkNW1                        38 x   88
  sim3TalkSW0                        38 x   88
  sim3TalkSW1                        38 x   88
  sim3TalkNE0                        38 x   88
  sim3TalkNE1                        38 x   88
  simEatSE0                          38 x   88
  simEatSE1                          38 x   88
  simEatNW0                          38 x   88
  simEatNW1                          38 x   88
  simEatSW0                          38 x   88
  simEatSW1                          38 x   88
  simEatNE0                          38 x   88
  simEatNE1                          38 x   88
  sim2EatSE0                         38 x   88
  sim2EatSE1                         38 x   88
  sim2EatNW0                         38 x   88
  sim2EatNW1                         38 x   88
  sim2EatSW0                         38 x   88
  sim2EatSW1                         38 x   88
  sim2EatNE0                         38 x   88
  sim2EatNE1                         38 x   88
  sim3EatSE0                         38 x   88
  sim3EatSE1                         38 x   88
  sim3EatNW0                         38 x   88
  sim3EatNW1                         38 x   88
  sim3EatSW0                         38 x   88
  sim3EatSW1                         38 x   88
  sim3EatNE0                         38 x   88
  sim3EatNE1                         38 x   88
  simReadSE0                         38 x   88
  simReadSE1                         38 x   88
  simReadNW0                         38 x   88
  simReadNW1                         38 x   88
  simReadSW0                         38 x   88
  simReadSW1                         38 x   88
  simReadNE0                         38 x   88
  simReadNE1                         38 x   88
  sim2ReadSE0                        38 x   88
  sim2ReadSE1                        38 x   88
  sim2ReadNW0                        38 x   88
  sim2ReadNW1                        38 x   88
  sim2ReadSW0                        38 x   88
  sim2ReadSW1                        38 x   88
  sim2ReadNE0                        38 x   88
  sim2ReadNE1                        38 x   88
  sim3ReadSE0                        38 x   88
  sim3ReadSE1                        38 x   88
  sim3ReadNW0                        38 x   88
  sim3ReadNW1                        38 x   88
  sim3ReadSW0                        38 x   88
  sim3ReadSW1                        38 x   88
  sim3ReadNE0                        38 x   88
  sim3ReadNE1                        38 x   88
  indicatorReading                   26 x   26
  simStandReadSE0                    38 x   88
  simStandReadSE1                    38 x   88
  simStandReadNW0                    38 x   88
  simStandReadNW1                    38 x   88
  simStandReadSW0                    38 x   88
  simStandReadSW1                    38 x   88
  simStandReadNE0                    38 x   88
  simStandReadNE1                    38 x   88
  sim2StandReadSE0                   38 x   88
  sim2StandReadSE1                   38 x   88
  sim2StandReadNW0                   38 x   88
  sim2StandReadNW1                   38 x   88
  sim2StandReadSW0                   38 x   88
  sim2StandReadSW1                   38 x   88
  sim2StandReadNE0                   38 x   88
  sim2StandReadNE1                   38 x   88
  sim3StandReadSE0                   38 x   88
  sim3StandReadSE1                   38 x   88
  sim3StandReadNW0                   38 x   88
  sim3StandReadNW1                   38 x   88
  sim3StandReadSW0                   38 x   88
  sim3StandReadSW1                   38 x   88
  sim3StandReadNE0                   38 x   88
  sim3StandReadNE1                   38 x   88
  simWalkSE0                         38 x   88
  simWalkSE1                         38 x   88
  simWalkNW0                         38 x   88
  simWalkNW1                         38 x   88
  simWalkSW0                         38 x   88
  simWalkSW1                         38 x   88
  simWalkNE0                         38 x   88
  simWalkNE1                         38 x   88
  sim2WalkSE0                        38 x   88
  sim2WalkSE1                        38 x   88
  sim2WalkNW0                        38 x   88
  sim2WalkNW1                        38 x   88
  sim2WalkSW0                        38 x   88
  sim2WalkSW1                        38 x   88
  sim2WalkNE0                        38 x   88
  sim2WalkNE1                        38 x   88
  sim3WalkSE0                        38 x   88
  sim3WalkSE1                        38 x   88
  sim3WalkNW0                        38 x   88
  sim3WalkNW1                        38 x   88
  sim3WalkSW0                        38 x   88
  sim3WalkSW1                        38 x   88
  sim3WalkNE0                        38 x   88
  sim3WalkNE1                        38 x   88
  heldSnack                          14 x   10
  aquariumCabinet1                   80 x  104
  indicatorExercise                  26 x   26
  indicatorWatchFish                 26 x   26
  simExerciseSE0                     38 x   88
  simExerciseSE1                     38 x   88
  simExerciseNW0                     38 x   88
  simExerciseNW1                     38 x   88
  simExerciseSW0                     38 x   88
  simExerciseSW1                     38 x   88
  simExerciseNE0                     38 x   88
  simExerciseNE1                     38 x   88
  sim2ExerciseSE0                    38 x   88
  sim2ExerciseSE1                    38 x   88
  sim2ExerciseNW0                    38 x   88
  sim2ExerciseNW1                    38 x   88
  sim2ExerciseSW0                    38 x   88
  sim2ExerciseSW1                    38 x   88
  sim2ExerciseNE0                    38 x   88
  sim2ExerciseNE1                    38 x   88
  sim3ExerciseSE0                    38 x   88
  sim3ExerciseSE1                    38 x   88
  sim3ExerciseNW0                    38 x   88
  sim3ExerciseNW1                    38 x   88
  sim3ExerciseSW0                    38 x   88
  sim3ExerciseSW1                    38 x   88
  sim3ExerciseNE0                    38 x   88
  sim3ExerciseNE1                    38 x   88
  simWatchFishSE0                    38 x   88
  simWatchFishSE1                    38 x   88
  simWatchFishNW0                    38 x   88
  simWatchFishNW1                    38 x   88
  simWatchFishSW0                    38 x   88
  simWatchFishSW1                    38 x   88
  simWatchFishNE0                    38 x   88
  simWatchFishNE1                    38 x   88
  sim2WatchFishSE0                   38 x   88
  sim2WatchFishSE1                   38 x   88
  sim2WatchFishNW0                   38 x   88
  sim2WatchFishNW1                   38 x   88
  sim2WatchFishSW0                   38 x   88
  sim2WatchFishSW1                   38 x   88
  sim2WatchFishNE0                   38 x   88
  sim2WatchFishNE1                   38 x   88
  sim3WatchFishSE0                   38 x   88
  sim3WatchFishSE1                   38 x   88
  sim3WatchFishNW0                   38 x   88
  sim3WatchFishNW1                   38 x   88
  sim3WatchFishSW0                   38 x   88
  sim3WatchFishSW1                   38 x   88
  sim3WatchFishNE0                   38 x   88
  sim3WatchFishNE1                   38 x   88
  kitchenFridgeBuiltInSW             58 x  102
  kitchenFridgeBuiltInNW             58 x  102
  kitchenFridgeBuiltInNE             58 x  102
  bathroomSinkSquareSW               34 x   60
  bathroomSinkSquareNW               34 x   60
  bathroomSinkSquareNE               34 x   65
  showerRoundSW                      58 x  102
  showerRoundNW                      58 x   86
  showerRoundNE                      58 x  102
  toiletSquareSW                     38 x   56
  toiletSquareNW                     38 x   56
  toiletSquareNE                     38 x   63
  bookcaseClosedDoorsSW              58 x   88
  bookcaseClosedDoorsNW              58 x   88
  bookcaseClosedDoorsNE              58 x   88
  loungeSofaOttomanSW                54 x   51
  loungeSofaOttomanNW                54 x   51
  loungeSofaOttomanNE                54 x   51
  televisionVintageSW                44 x   59
  televisionVintageNW                44 x   59
  televisionVintageNE                44 x   59
  bedBunkSW                         122 x  136
  bedBunkNW                         122 x  136
  bedBunkNE                         122 x  136
  kitchenStoveNW                     66 x   76
  kitchenStoveNE                     66 x   77
  kitchenCabinetNW                   66 x   76
  kitchenCabinetNE                   66 x   76
  kitchenSinkNW                      66 x   76
  kitchenSinkNE                      66 x   76
  tableSW                           112 x   83
  tableNW                           112 x   83
  tableNE                           112 x   83
  chairSW                            50 x   67
  chairNW                            50 x   67
  chairNE                            50 x   80
  trashcanSW                         16 x   52
  trashcanNW                         16 x   52
  trashcanNE                         16 x   53
  loungeSofaLongSW                  122 x   92
  loungeSofaLongNW                  122 x   92
  loungeSofaLongNE                  122 x   92
  loungeChairSW                      50 x   60
  loungeChairNW                      50 x   60
  loungeChairNE                      50 x   70
  loungeChairRelaxSW                 54 x   81
  loungeChairRelaxNW                 54 x   70
  loungeChairRelaxNE                 54 x   70
  radioSW                            48 x   50
  radioNW                            46 x   50
  radioNE                            48 x   50
  pottedPlantSW                      28 x   60
  pottedPlantNW                      30 x   59
  pottedPlantNE                      28 x   62
  cardboardBoxOpenSW                 80 x   88
  cardboardBoxOpenNW                 80 x   88
  cardboardBoxOpenNE                 80 x   88
  lampRoundFloorSW                   34 x   68
  lampRoundFloorNW                   34 x   68
  lampRoundFloorNE                   34 x   68
  coatRackStandingSW                 18 x   77
  coatRackStandingNW                 18 x   77
  coatRackStandingNE                 18 x   77
  bedDoubleSW                       122 x   96
  bedDoubleNW                       122 x   77
  bedDoubleNE                       122 x   77
  sideTableDrawersSW                 54 x   65
  sideTableDrawersNW                 54 x   65
  sideTableDrawersNE                 54 x   65
  cabinetBedDrawerSW                 40 x   56
  cabinetBedDrawerNW                 40 x   56
  cabinetBedDrawerNE                 40 x   56
  deskSW                            112 x   83
  deskNW                            112 x   83
  deskNE                            112 x   83
  chairDeskSW                        48 x   66
  chairDeskNW                        48 x   66
  chairDeskNE                        48 x   77
  bathtubSW                         118 x   87
  bathtubNW                         118 x   79
  bathtubNE                         118 x   79
  washerDryerStackedSW               54 x   96
  washerDryerStackedNW               54 x   96
  washerDryerStackedNE               54 x   96
  bathtubFull                       118 x   87
  bathtubFullSW                     118 x   87
  bathtubFullNW                     118 x   79
  bathtubFullNE                     118 x   79
  simSitSE0                          38 x   88
  simSitSE1                          38 x   88
  simSitNW0                          38 x   88
  simSitNW1                          38 x   88
  simSitSW0                          38 x   88
  simSitSW1                          38 x   88
  simSitNE0                          38 x   88
  simSitNE1                          38 x   88
  sim2SitSE0                         38 x   88
  sim2SitSE1                         38 x   88
  sim2SitNW0                         38 x   88
  sim2SitNW1                         38 x   88
  sim2SitSW0                         38 x   88
  sim2SitSW1                         38 x   88
  sim2SitNE0                         38 x   88
  sim2SitNE1                         38 x   88
  sim3SitSE0                         38 x   88
  sim3SitSE1                         38 x   88
  sim3SitNW0                         38 x   88
  sim3SitNW1                         38 x   88
  sim3SitSW0                         38 x   88
  sim3SitSW1                         38 x   88
  sim3SitNE0                         38 x   88
  sim3SitNE1                         38 x   88
  bedBunkForeground                 122 x  136
  simSleepSE0                       104 x   72
  simSleepSE1                       104 x   72
  simSleepNW0                       104 x   72
  simSleepNW1                       104 x   72
  simSleepSW0                       104 x   72
  simSleepSW1                       104 x   72
  simSleepNE0                       104 x   72
  simSleepNE1                       104 x   72
  sim2SleepSE0                      104 x   72
  sim2SleepSE1                      104 x   72
  sim2SleepNW0                      104 x   72
  sim2SleepNW1                      104 x   72
  sim2SleepSW0                      104 x   72
  sim2SleepSW1                      104 x   72
  sim2SleepNE0                      104 x   72
  sim2SleepNE1                      104 x   72
  sim3SleepSE0                      104 x   72
  sim3SleepSE1                      104 x   72
  sim3SleepNW0                      104 x   72
  sim3SleepNW1                      104 x   72
  sim3SleepSW0                      104 x   72
  sim3SleepSW1                      104 x   72
  sim3SleepNE0                      104 x   72
  sim3SleepNE1                      104 x   72
  loungeChairForeground              50 x   70
  loungeChairForegroundSW            50 x   60
  loungeChairForegroundNW            50 x   60
  loungeChairForegroundNE            50 x   70
  loungeChairRelaxForeground         54 x   81
  loungeChairRelaxForegroundSW       54 x   81
  loungeChairRelaxForegroundNW       54 x   70
  loungeChairRelaxForegroundNE       54 x   70
  rigSimIdleSE0                      76 x  176
  rigSimIdleNW0                      76 x  176
  rigSimIdleSW0                      76 x  176
  rigSimIdleNE0                      76 x  176
  rigSimWalkSE0                     104 x  208
  rigSimWalkSE1                     104 x  208
  rigSimWalkSE2                     104 x  208
  rigSimWalkSE3                     104 x  208
  rigSimWalkSE4                     104 x  208
  rigSimWalkSE5                     104 x  208
  rigSimWalkSE6                     104 x  208
  rigSimWalkSE7                     104 x  208
  rigSimWalkNW0                     104 x  208
  rigSimWalkNW1                     104 x  208
  rigSimWalkNW2                     104 x  208
  rigSimWalkNW3                     104 x  208
  rigSimWalkNW4                     104 x  208
  rigSimWalkNW5                     104 x  208
  rigSimWalkNW6                     104 x  208
  rigSimWalkNW7                     104 x  208
  rigSimWalkSW0                     104 x  208
  rigSimWalkSW1                     104 x  208
  rigSimWalkSW2                     104 x  208
  rigSimWalkSW3                     104 x  208
  rigSimWalkSW4                     104 x  208
  rigSimWalkSW5                     104 x  208
  rigSimWalkSW6                     104 x  208
  rigSimWalkSW7                     104 x  208
  rigSimWalkNE0                     104 x  208
  rigSimWalkNE1                     104 x  208
  rigSimWalkNE2                     104 x  208
  rigSimWalkNE3                     104 x  208
  rigSimWalkNE4                     104 x  208
  rigSimWalkNE5                     104 x  208
  rigSimWalkNE6                     104 x  208
  rigSimWalkNE7                     104 x  208
  rigSimReadSE0                     104 x  208
  rigSimReadSE1                     104 x  208
  rigSimReadSE2                     104 x  208
  rigSimReadSE3                     104 x  208
  rigSimReadNW0                     104 x  208
  rigSimReadNW1                     104 x  208
  rigSimReadNW2                     104 x  208
  rigSimReadNW3                     104 x  208
  rigSimReadSW0                     104 x  208
  rigSimReadSW1                     104 x  208
  rigSimReadSW2                     104 x  208
  rigSimReadSW3                     104 x  208
  rigSimReadNE0                     104 x  208
  rigSimReadNE1                     104 x  208
  rigSimReadNE2                     104 x  208
  rigSimReadNE3                     104 x  208
  rigSimTalkSE0                     104 x  208
  rigSimTalkSE1                     104 x  208
  rigSimTalkSE2                     104 x  208
  rigSimTalkSE3                     104 x  208
  rigSimTalkNW0                     104 x  208
  rigSimTalkNW1                     104 x  208
  rigSimTalkNW2                     104 x  208
  rigSimTalkNW3                     104 x  208
  rigSimTalkSW0                     104 x  208
  rigSimTalkSW1                     104 x  208
  rigSimTalkSW2                     104 x  208
  rigSimTalkSW3                     104 x  208
  rigSimTalkNE0                     104 x  208
  rigSimTalkNE1                     104 x  208
  rigSimTalkNE2                     104 x  208
  rigSimTalkNE3                     104 x  208
  rigSimEatSE0                      104 x  208
  rigSimEatSE1                      104 x  208
  rigSimEatSE2                      104 x  208
  rigSimEatSE3                      104 x  208
  rigSimEatNW0                      104 x  208
  rigSimEatNW1                      104 x  208
  rigSimEatNW2                      104 x  208
  rigSimEatNW3                      104 x  208
  rigSimEatSW0                      104 x  208
  rigSimEatSW1                      104 x  208
  rigSimEatSW2                      104 x  208
  rigSimEatSW3                      104 x  208
  rigSimEatNE0                      104 x  208
  rigSimEatNE1                      104 x  208
  rigSimEatNE2                      104 x  208
  rigSimEatNE3                      104 x  208
  rigSimStandReadSE0                104 x  208
  rigSimStandReadSE1                104 x  208
  rigSimStandReadSE2                104 x  208
  rigSimStandReadSE3                104 x  208
  rigSimStandReadNW0                104 x  208
  rigSimStandReadNW1                104 x  208
  rigSimStandReadNW2                104 x  208
  rigSimStandReadNW3                104 x  208
  rigSimStandReadSW0                104 x  208
  rigSimStandReadSW1                104 x  208
  rigSimStandReadSW2                104 x  208
  rigSimStandReadSW3                104 x  208
  rigSimStandReadNE0                104 x  208
  rigSimStandReadNE1                104 x  208
  rigSimStandReadNE2                104 x  208
  rigSimStandReadNE3                104 x  208
  rigSimWatchFishSE0                104 x  208
  rigSimWatchFishSE1                104 x  208
  rigSimWatchFishSE2                104 x  208
  rigSimWatchFishSE3                104 x  208
  rigSimWatchFishNW0                104 x  208
  rigSimWatchFishNW1                104 x  208
  rigSimWatchFishNW2                104 x  208
  rigSimWatchFishNW3                104 x  208
  rigSimWatchFishSW0                104 x  208
  rigSimWatchFishSW1                104 x  208
  rigSimWatchFishSW2                104 x  208
  rigSimWatchFishSW3                104 x  208
  rigSimWatchFishNE0                104 x  208
  rigSimWatchFishNE1                104 x  208
  rigSimWatchFishNE2                104 x  208
  rigSimWatchFishNE3                104 x  208
  rigSimSitSE0                      104 x  208
  rigSimSitSE1                      104 x  208
  rigSimSitSE2                      104 x  208
  rigSimSitSE3                      104 x  208
  rigSimSitNW0                      104 x  208
  rigSimSitNW1                      104 x  208
  rigSimSitNW2                      104 x  208
  rigSimSitNW3                      104 x  208
  rigSimSitSW0                      104 x  208
  rigSimSitSW1                      104 x  208
  rigSimSitSW2                      104 x  208
  rigSimSitSW3                      104 x  208
  rigSimSitNE0                      104 x  208
  rigSimSitNE1                      104 x  208
  rigSimSitNE2                      104 x  208
  rigSimSitNE3                      104 x  208
  rigSimSleepSE0                    208 x  152
  rigSimSleepSE1                    208 x  152
  rigSimSleepSE2                    208 x  152
  rigSimSleepSE3                    208 x  152
  rigSimSleepNW0                    208 x  152
  rigSimSleepNW1                    208 x  152
  rigSimSleepNW2                    208 x  152
  rigSimSleepNW3                    208 x  152
  rigSimSleepSW0                    208 x  152
  rigSimSleepSW1                    208 x  152
  rigSimSleepSW2                    208 x  152
  rigSimSleepSW3                    208 x  152
  rigSimSleepNE0                    208 x  152
  rigSimSleepNE1                    208 x  152
  rigSimSleepNE2                    208 x  152
  rigSimSleepNE3                    208 x  152
  rigSimBlueIdleSE0                  76 x  176
  rigSimBlueIdleNW0                  76 x  176
  rigSimBlueIdleSW0                  76 x  176
  rigSimBlueIdleNE0                  76 x  176
  rigSimBlueWalkSE0                 104 x  208
  rigSimBlueWalkSE1                 104 x  208
  rigSimBlueWalkSE2                 104 x  208
  rigSimBlueWalkSE3                 104 x  208
  rigSimBlueWalkSE4                 104 x  208
  rigSimBlueWalkSE5                 104 x  208
  rigSimBlueWalkSE6                 104 x  208
  rigSimBlueWalkSE7                 104 x  208
  rigSimBlueWalkNW0                 104 x  208
  rigSimBlueWalkNW1                 104 x  208
  rigSimBlueWalkNW2                 104 x  208
  rigSimBlueWalkNW3                 104 x  208
  rigSimBlueWalkNW4                 104 x  208
  rigSimBlueWalkNW5                 104 x  208
  rigSimBlueWalkNW6                 104 x  208
  rigSimBlueWalkNW7                 104 x  208
  rigSimBlueWalkSW0                 104 x  208
  rigSimBlueWalkSW1                 104 x  208
  rigSimBlueWalkSW2                 104 x  208
  rigSimBlueWalkSW3                 104 x  208
  rigSimBlueWalkSW4                 104 x  208
  rigSimBlueWalkSW5                 104 x  208
  rigSimBlueWalkSW6                 104 x  208
  rigSimBlueWalkSW7                 104 x  208
  rigSimBlueWalkNE0                 104 x  208
  rigSimBlueWalkNE1                 104 x  208
  rigSimBlueWalkNE2                 104 x  208
  rigSimBlueWalkNE3                 104 x  208
  rigSimBlueWalkNE4                 104 x  208
  rigSimBlueWalkNE5                 104 x  208
  rigSimBlueWalkNE6                 104 x  208
  rigSimBlueWalkNE7                 104 x  208
  rigSimBlueReadSE0                 104 x  208
  rigSimBlueReadSE1                 104 x  208
  rigSimBlueReadSE2                 104 x  208
  rigSimBlueReadSE3                 104 x  208
  rigSimBlueReadNW0                 104 x  208
  rigSimBlueReadNW1                 104 x  208
  rigSimBlueReadNW2                 104 x  208
  rigSimBlueReadNW3                 104 x  208
  rigSimBlueReadSW0                 104 x  208
  rigSimBlueReadSW1                 104 x  208
  rigSimBlueReadSW2                 104 x  208
  rigSimBlueReadSW3                 104 x  208
  rigSimBlueReadNE0                 104 x  208
  rigSimBlueReadNE1                 104 x  208
  rigSimBlueReadNE2                 104 x  208
  rigSimBlueReadNE3                 104 x  208
  rigSimBlueTalkSE0                 104 x  208
  rigSimBlueTalkSE1                 104 x  208
  rigSimBlueTalkSE2                 104 x  208
  rigSimBlueTalkSE3                 104 x  208
  rigSimBlueTalkNW0                 104 x  208
  rigSimBlueTalkNW1                 104 x  208
  rigSimBlueTalkNW2                 104 x  208
  rigSimBlueTalkNW3                 104 x  208
  rigSimBlueTalkSW0                 104 x  208
  rigSimBlueTalkSW1                 104 x  208
  rigSimBlueTalkSW2                 104 x  208
  rigSimBlueTalkSW3                 104 x  208
  rigSimBlueTalkNE0                 104 x  208
  rigSimBlueTalkNE1                 104 x  208
  rigSimBlueTalkNE2                 104 x  208
  rigSimBlueTalkNE3                 104 x  208
  rigSimBlueEatSE0                  104 x  208
  rigSimBlueEatSE1                  104 x  208
  rigSimBlueEatSE2                  104 x  208
  rigSimBlueEatSE3                  104 x  208
  rigSimBlueEatNW0                  104 x  208
  rigSimBlueEatNW1                  104 x  208
  rigSimBlueEatNW2                  104 x  208
  rigSimBlueEatNW3                  104 x  208
  rigSimBlueEatSW0                  104 x  208
  rigSimBlueEatSW1                  104 x  208
  rigSimBlueEatSW2                  104 x  208
  rigSimBlueEatSW3                  104 x  208
  rigSimBlueEatNE0                  104 x  208
  rigSimBlueEatNE1                  104 x  208
  rigSimBlueEatNE2                  104 x  208
  rigSimBlueEatNE3                  104 x  208
  rigSimBlueStandReadSE0            104 x  208
  rigSimBlueStandReadSE1            104 x  208
  rigSimBlueStandReadSE2            104 x  208
  rigSimBlueStandReadSE3            104 x  208
  rigSimBlueStandReadNW0            104 x  208
  rigSimBlueStandReadNW1            104 x  208
  rigSimBlueStandReadNW2            104 x  208
  rigSimBlueStandReadNW3            104 x  208
  rigSimBlueStandReadSW0            104 x  208
  rigSimBlueStandReadSW1            104 x  208
  rigSimBlueStandReadSW2            104 x  208
  rigSimBlueStandReadSW3            104 x  208
  rigSimBlueStandReadNE0            104 x  208
  rigSimBlueStandReadNE1            104 x  208
  rigSimBlueStandReadNE2            104 x  208
  rigSimBlueStandReadNE3            104 x  208
  rigSimBlueWatchFishSE0            104 x  208
  rigSimBlueWatchFishSE1            104 x  208
  rigSimBlueWatchFishSE2            104 x  208
  rigSimBlueWatchFishSE3            104 x  208
  rigSimBlueWatchFishNW0            104 x  208
  rigSimBlueWatchFishNW1            104 x  208
  rigSimBlueWatchFishNW2            104 x  208
  rigSimBlueWatchFishNW3            104 x  208
  rigSimBlueWatchFishSW0            104 x  208
  rigSimBlueWatchFishSW1            104 x  208
  rigSimBlueWatchFishSW2            104 x  208
  rigSimBlueWatchFishSW3            104 x  208
  rigSimBlueWatchFishNE0            104 x  208
  rigSimBlueWatchFishNE1            104 x  208
  rigSimBlueWatchFishNE2            104 x  208
  rigSimBlueWatchFishNE3            104 x  208
  rigSimBlueSitSE0                  104 x  208
  rigSimBlueSitSE1                  104 x  208
  rigSimBlueSitSE2                  104 x  208
  rigSimBlueSitSE3                  104 x  208
  rigSimBlueSitNW0                  104 x  208
  rigSimBlueSitNW1                  104 x  208
  rigSimBlueSitNW2                  104 x  208
  rigSimBlueSitNW3                  104 x  208
  rigSimBlueSitSW0                  104 x  208
  rigSimBlueSitSW1                  104 x  208
  rigSimBlueSitSW2                  104 x  208
  rigSimBlueSitSW3                  104 x  208
  rigSimBlueSitNE0                  104 x  208
  rigSimBlueSitNE1                  104 x  208
  rigSimBlueSitNE2                  104 x  208
  rigSimBlueSitNE3                  104 x  208
  rigSimBlueSleepSE0                208 x  152
  rigSimBlueSleepSE1                208 x  152
  rigSimBlueSleepSE2                208 x  152
  rigSimBlueSleepSE3                208 x  152
  rigSimBlueSleepNW0                208 x  152
  rigSimBlueSleepNW1                208 x  152
  rigSimBlueSleepNW2                208 x  152
  rigSimBlueSleepNW3                208 x  152
  rigSimBlueSleepSW0                208 x  152
  rigSimBlueSleepSW1                208 x  152
  rigSimBlueSleepSW2                208 x  152
  rigSimBlueSleepSW3                208 x  152
  rigSimBlueSleepNE0                208 x  152
  rigSimBlueSleepNE1                208 x  152
  rigSimBlueSleepNE2                208 x  152
  rigSimBlueSleepNE3                208 x  152
  rigSimRedIdleSE0                   76 x  176
  rigSimRedIdleNW0                   76 x  176
  rigSimRedIdleSW0                   76 x  176
  rigSimRedIdleNE0                   76 x  176
  rigSimRedWalkSE0                  104 x  208
  rigSimRedWalkSE1                  104 x  208
  rigSimRedWalkSE2                  104 x  208
  rigSimRedWalkSE3                  104 x  208
  rigSimRedWalkSE4                  104 x  208
  rigSimRedWalkSE5                  104 x  208
  rigSimRedWalkSE6                  104 x  208
  rigSimRedWalkSE7                  104 x  208
  rigSimRedWalkNW0                  104 x  208
  rigSimRedWalkNW1                  104 x  208
  rigSimRedWalkNW2                  104 x  208
  rigSimRedWalkNW3                  104 x  208
  rigSimRedWalkNW4                  104 x  208
  rigSimRedWalkNW5                  104 x  208
  rigSimRedWalkNW6                  104 x  208
  rigSimRedWalkNW7                  104 x  208
  rigSimRedWalkSW0                  104 x  208
  rigSimRedWalkSW1                  104 x  208
  rigSimRedWalkSW2                  104 x  208
  rigSimRedWalkSW3                  104 x  208
  rigSimRedWalkSW4                  104 x  208
  rigSimRedWalkSW5                  104 x  208
  rigSimRedWalkSW6                  104 x  208
  rigSimRedWalkSW7                  104 x  208
  rigSimRedWalkNE0                  104 x  208
  rigSimRedWalkNE1                  104 x  208
  rigSimRedWalkNE2                  104 x  208
  rigSimRedWalkNE3                  104 x  208
  rigSimRedWalkNE4                  104 x  208
  rigSimRedWalkNE5                  104 x  208
  rigSimRedWalkNE6                  104 x  208
  rigSimRedWalkNE7                  104 x  208
  rigSimRedReadSE0                  104 x  208
  rigSimRedReadSE1                  104 x  208
  rigSimRedReadSE2                  104 x  208
  rigSimRedReadSE3                  104 x  208
  rigSimRedReadNW0                  104 x  208
  rigSimRedReadNW1                  104 x  208
  rigSimRedReadNW2                  104 x  208
  rigSimRedReadNW3                  104 x  208
  rigSimRedReadSW0                  104 x  208
  rigSimRedReadSW1                  104 x  208
  rigSimRedReadSW2                  104 x  208
  rigSimRedReadSW3                  104 x  208
  rigSimRedReadNE0                  104 x  208
  rigSimRedReadNE1                  104 x  208
  rigSimRedReadNE2                  104 x  208
  rigSimRedReadNE3                  104 x  208
  rigSimRedTalkSE0                  104 x  208
  rigSimRedTalkSE1                  104 x  208
  rigSimRedTalkSE2                  104 x  208
  rigSimRedTalkSE3                  104 x  208
  rigSimRedTalkNW0                  104 x  208
  rigSimRedTalkNW1                  104 x  208
  rigSimRedTalkNW2                  104 x  208
  rigSimRedTalkNW3                  104 x  208
  rigSimRedTalkSW0                  104 x  208
  rigSimRedTalkSW1                  104 x  208
  rigSimRedTalkSW2                  104 x  208
  rigSimRedTalkSW3                  104 x  208
  rigSimRedTalkNE0                  104 x  208
  rigSimRedTalkNE1                  104 x  208
  rigSimRedTalkNE2                  104 x  208
  rigSimRedTalkNE3                  104 x  208
  rigSimRedEatSE0                   104 x  208
  rigSimRedEatSE1                   104 x  208
  rigSimRedEatSE2                   104 x  208
  rigSimRedEatSE3                   104 x  208
  rigSimRedEatNW0                   104 x  208
  rigSimRedEatNW1                   104 x  208
  rigSimRedEatNW2                   104 x  208
  rigSimRedEatNW3                   104 x  208
  rigSimRedEatSW0                   104 x  208
  rigSimRedEatSW1                   104 x  208
  rigSimRedEatSW2                   104 x  208
  rigSimRedEatSW3                   104 x  208
  rigSimRedEatNE0                   104 x  208
  rigSimRedEatNE1                   104 x  208
  rigSimRedEatNE2                   104 x  208
  rigSimRedEatNE3                   104 x  208
  rigSimRedStandReadSE0             104 x  208
  rigSimRedStandReadSE1             104 x  208
  rigSimRedStandReadSE2             104 x  208
  rigSimRedStandReadSE3             104 x  208
  rigSimRedStandReadNW0             104 x  208
  rigSimRedStandReadNW1             104 x  208
  rigSimRedStandReadNW2             104 x  208
  rigSimRedStandReadNW3             104 x  208
  rigSimRedStandReadSW0             104 x  208
  rigSimRedStandReadSW1             104 x  208
  rigSimRedStandReadSW2             104 x  208
  rigSimRedStandReadSW3             104 x  208
  rigSimRedStandReadNE0             104 x  208
  rigSimRedStandReadNE1             104 x  208
  rigSimRedStandReadNE2             104 x  208
  rigSimRedStandReadNE3             104 x  208
  rigSimRedWatchFishSE0             104 x  208
  rigSimRedWatchFishSE1             104 x  208
  rigSimRedWatchFishSE2             104 x  208
  rigSimRedWatchFishSE3             104 x  208
  rigSimRedWatchFishNW0             104 x  208
  rigSimRedWatchFishNW1             104 x  208
  rigSimRedWatchFishNW2             104 x  208
  rigSimRedWatchFishNW3             104 x  208
  rigSimRedWatchFishSW0             104 x  208
  rigSimRedWatchFishSW1             104 x  208
  rigSimRedWatchFishSW2             104 x  208
  rigSimRedWatchFishSW3             104 x  208
  rigSimRedWatchFishNE0             104 x  208
  rigSimRedWatchFishNE1             104 x  208
  rigSimRedWatchFishNE2             104 x  208
  rigSimRedWatchFishNE3             104 x  208
  rigSimRedSitSE0                   104 x  208
  rigSimRedSitSE1                   104 x  208
  rigSimRedSitSE2                   104 x  208
  rigSimRedSitSE3                   104 x  208
  rigSimRedSitNW0                   104 x  208
  rigSimRedSitNW1                   104 x  208
  rigSimRedSitNW2                   104 x  208
  rigSimRedSitNW3                   104 x  208
  rigSimRedSitSW0                   104 x  208
  rigSimRedSitSW1                   104 x  208
  rigSimRedSitSW2                   104 x  208
  rigSimRedSitSW3                   104 x  208
  rigSimRedSitNE0                   104 x  208
  rigSimRedSitNE1                   104 x  208
  rigSimRedSitNE2                   104 x  208
  rigSimRedSitNE3                   104 x  208
  rigSimRedSleepSE0                 208 x  152
  rigSimRedSleepSE1                 208 x  152
  rigSimRedSleepSE2                 208 x  152
  rigSimRedSleepSE3                 208 x  152
  rigSimRedSleepNW0                 208 x  152
  rigSimRedSleepNW1                 208 x  152
  rigSimRedSleepNW2                 208 x  152
  rigSimRedSleepNW3                 208 x  152
  rigSimRedSleepSW0                 208 x  152
  rigSimRedSleepSW1                 208 x  152
  rigSimRedSleepSW2                 208 x  152
  rigSimRedSleepSW3                 208 x  152
  rigSimRedSleepNE0                 208 x  152
  rigSimRedSleepNE1                 208 x  152
  rigSimRedSleepNE2                 208 x  152
  rigSimRedSleepNE3                 208 x  152
  rigSimExerciseSE0                 208 x  240
  rigSimExerciseSE1                 208 x  240
  rigSimExerciseNW0                 208 x  240
  rigSimExerciseNW1                 208 x  240
  rigSimExerciseSW0                 208 x  240
  rigSimExerciseSW1                 208 x  240
  rigSimExerciseNE0                 208 x  240
  rigSimExerciseNE1                 208 x  240
  rigSimBlueExerciseSE0             208 x  240
  rigSimBlueExerciseSE1             208 x  240
  rigSimBlueExerciseNW0             208 x  240
  rigSimBlueExerciseNW1             208 x  240
  rigSimBlueExerciseSW0             208 x  240
  rigSimBlueExerciseSW1             208 x  240
  rigSimBlueExerciseNE0             208 x  240
  rigSimBlueExerciseNE1             208 x  240
  rigSimRedExerciseSE0              208 x  240
  rigSimRedExerciseSE1              208 x  240
  rigSimRedExerciseNW0              208 x  240
  rigSimRedExerciseNW1              208 x  240
  rigSimRedExerciseSW0              208 x  240
  rigSimRedExerciseSW1              208 x  240
  rigSimRedExerciseNE0              208 x  240
  rigSimRedExerciseNE1              208 x  240
  wallJoin3                          32 x  109
  wallJoin6                          32 x   98
  wallJoin7                          32 x  109
  wallJoin9                          32 x  109
  wallJoin11                         32 x  109
  wallJoin12                         32 x  109
  wallJoin13                         32 x  109
  wallJoin14                         32 x  109
  wallJoin15                         32 x  109
  doorwayJoinedNS                    32 x  109
  doorwayJoinedEW                    32 x  109
  wallCornerStartNS                  32 x  109
  wallCornerStartEW                  32 x  109
  offlineBike                       192 x  240
  offlineBikeNW                     192 x  240
  offlineBikeSW                     192 x  240
  offlineBikeNE                     192 x  240
  offlineChair                      192 x  240
  offlineChairNW                    192 x  240
  offlineChairSW                    192 x  240
  offlineChairNE                    192 x  240
  offlineBikeSEGreen0               192 x  240
  offlineFurniture0                 192 x  240
  offlineOutline1                   192 x  240
  offlineBikeSEGreen1               192 x  240
  offlineFurniture2                 192 x  240
  offlineOutline3                   192 x  240
  offlineBikeSEGreen2               192 x  240
  offlineFurniture4                 192 x  240
  offlineOutline5                   192 x  240
  offlineBikeSEGreen3               192 x  240
  offlineFurniture6                 192 x  240
  offlineOutline7                   192 x  240
  offlineBikeSEGreen4               192 x  240
  offlineFurniture8                 192 x  240
  offlineOutline9                   192 x  240
  offlineBikeSEGreen5               192 x  240
  offlineFurniture10                192 x  240
  offlineOutline11                  192 x  240
  offlineBikeSEGreen6               192 x  240
  offlineFurniture12                192 x  240
  offlineOutline13                  192 x  240
  offlineBikeSEGreen7               192 x  240
  offlineFurniture14                192 x  240
  offlineOutline15                  192 x  240
  offlineBikeSEBlue0                192 x  240
  offlineBikeSEBlue1                192 x  240
  offlineBikeSEBlue2                192 x  240
  offlineBikeSEBlue3                192 x  240
  offlineBikeSEBlue4                192 x  240
  offlineBikeSEBlue5                192 x  240
  offlineBikeSEBlue6                192 x  240
  offlineBikeSEBlue7                192 x  240
  offlineBikeSERed0                 192 x  240
  offlineBikeSERed1                 192 x  240
  offlineBikeSERed2                 192 x  240
  offlineBikeSERed3                 192 x  240
  offlineBikeSERed4                 192 x  240
  offlineBikeSERed5                 192 x  240
  offlineBikeSERed6                 192 x  240
  offlineBikeSERed7                 192 x  240
  offlineBikeNWGreen0               192 x  240
  offlineFurniture16                192 x  240
  offlineOutline17                  192 x  240
  offlineBikeNWGreen1               192 x  240
  offlineFurniture18                192 x  240
  offlineOutline19                  192 x  240
  offlineBikeNWGreen2               192 x  240
  offlineFurniture20                192 x  240
  offlineOutline21                  192 x  240
  offlineBikeNWGreen3               192 x  240
  offlineFurniture22                192 x  240
  offlineOutline23                  192 x  240
  offlineBikeNWGreen4               192 x  240
  offlineFurniture24                192 x  240
  offlineOutline25                  192 x  240
  offlineBikeNWGreen5               192 x  240
  offlineFurniture26                192 x  240
  offlineOutline27                  192 x  240
  offlineBikeNWGreen6               192 x  240
  offlineFurniture28                192 x  240
  offlineOutline29                  192 x  240
  offlineBikeNWGreen7               192 x  240
  offlineFurniture30                192 x  240
  offlineOutline31                  192 x  240
  offlineBikeNWBlue0                192 x  240
  offlineBikeNWBlue1                192 x  240
  offlineBikeNWBlue2                192 x  240
  offlineBikeNWBlue3                192 x  240
  offlineBikeNWBlue4                192 x  240
  offlineBikeNWBlue5                192 x  240
  offlineBikeNWBlue6                192 x  240
  offlineBikeNWBlue7                192 x  240
  offlineBikeNWRed0                 192 x  240
  offlineBikeNWRed1                 192 x  240
  offlineBikeNWRed2                 192 x  240
  offlineBikeNWRed3                 192 x  240
  offlineBikeNWRed4                 192 x  240
  offlineBikeNWRed5                 192 x  240
  offlineBikeNWRed6                 192 x  240
  offlineBikeNWRed7                 192 x  240
  offlineBikeSWGreen0               192 x  240
  offlineFurniture32                192 x  240
  offlineOutline33                  192 x  240
  offlineBikeSWGreen1               192 x  240
  offlineFurniture34                192 x  240
  offlineOutline35                  192 x  240
  offlineBikeSWGreen2               192 x  240
  offlineFurniture36                192 x  240
  offlineOutline37                  192 x  240
  offlineBikeSWGreen3               192 x  240
  offlineFurniture38                192 x  240
  offlineOutline39                  192 x  240
  offlineBikeSWGreen4               192 x  240
  offlineFurniture40                192 x  240
  offlineOutline41                  192 x  240
  offlineBikeSWGreen5               192 x  240
  offlineFurniture42                192 x  240
  offlineOutline43                  192 x  240
  offlineBikeSWGreen6               192 x  240
  offlineFurniture44                192 x  240
  offlineOutline45                  192 x  240
  offlineBikeSWGreen7               192 x  240
  offlineFurniture46                192 x  240
  offlineOutline47                  192 x  240
  offlineBikeSWBlue0                192 x  240
  offlineBikeSWBlue1                192 x  240
  offlineBikeSWBlue2                192 x  240
  offlineBikeSWBlue3                192 x  240
  offlineBikeSWBlue4                192 x  240
  offlineBikeSWBlue5                192 x  240
  offlineBikeSWBlue6                192 x  240
  offlineBikeSWBlue7                192 x  240
  offlineBikeSWRed0                 192 x  240
  offlineBikeSWRed1                 192 x  240
  offlineBikeSWRed2                 192 x  240
  offlineBikeSWRed3                 192 x  240
  offlineBikeSWRed4                 192 x  240
  offlineBikeSWRed5                 192 x  240
  offlineBikeSWRed6                 192 x  240
  offlineBikeSWRed7                 192 x  240
  offlineBikeNEGreen0               192 x  240
  offlineFurniture48                192 x  240
  offlineOutline49                  192 x  240
  offlineBikeNEGreen1               192 x  240
  offlineFurniture50                192 x  240
  offlineOutline51                  192 x  240
  offlineBikeNEGreen2               192 x  240
  offlineFurniture52                192 x  240
  offlineOutline53                  192 x  240
  offlineBikeNEGreen3               192 x  240
  offlineFurniture54                192 x  240
  offlineOutline55                  192 x  240
  offlineBikeNEGreen4               192 x  240
  offlineFurniture56                192 x  240
  offlineOutline57                  192 x  240
  offlineBikeNEGreen5               192 x  240
  offlineFurniture58                192 x  240
  offlineOutline59                  192 x  240
  offlineBikeNEGreen6               192 x  240
  offlineFurniture60                192 x  240
  offlineOutline61                  192 x  240
  offlineBikeNEGreen7               192 x  240
  offlineFurniture62                192 x  240
  offlineOutline63                  192 x  240
  offlineBikeNEBlue0                192 x  240
  offlineBikeNEBlue1                192 x  240
  offlineBikeNEBlue2                192 x  240
  offlineBikeNEBlue3                192 x  240
  offlineBikeNEBlue4                192 x  240
  offlineBikeNEBlue5                192 x  240
  offlineBikeNEBlue6                192 x  240
  offlineBikeNEBlue7                192 x  240
  offlineBikeNERed0                 192 x  240
  offlineBikeNERed1                 192 x  240
  offlineBikeNERed2                 192 x  240
  offlineBikeNERed3                 192 x  240
  offlineBikeNERed4                 192 x  240
  offlineBikeNERed5                 192 x  240
  offlineBikeNERed6                 192 x  240
  offlineBikeNERed7                 192 x  240
  offlineChairSEGreen0              192 x  240
  offlineFurniture64                192 x  240
  offlineOutline65                  192 x  240
  offlineChairSEGreen1              192 x  240
  offlineFurniture66                192 x  240
  offlineOutline67                  192 x  240
  offlineChairSEGreen2              192 x  240
  offlineChairSEGreen3              192 x  240
  offlineFurniture68                192 x  240
  offlineOutline69                  192 x  240
  offlineChairSEBlue0               192 x  240
  offlineChairSEBlue1               192 x  240
  offlineChairSEBlue2               192 x  240
  offlineChairSEBlue3               192 x  240
  offlineChairSERed0                192 x  240
  offlineChairSERed1                192 x  240
  offlineChairSERed2                192 x  240
  offlineChairSERed3                192 x  240
  offlineChairNWGreen0              192 x  240
  offlineFurniture70                192 x  240
  offlineOutline71                  192 x  240
  offlineChairNWGreen1              192 x  240
  offlineFurniture72                192 x  240
  offlineOutline73                  192 x  240
  offlineChairNWGreen2              192 x  240
  offlineChairNWGreen3              192 x  240
  offlineFurniture74                192 x  240
  offlineOutline75                  192 x  240
  offlineChairNWBlue0               192 x  240
  offlineChairNWBlue1               192 x  240
  offlineChairNWBlue2               192 x  240
  offlineChairNWBlue3               192 x  240
  offlineChairNWRed0                192 x  240
  offlineChairNWRed1                192 x  240
  offlineChairNWRed2                192 x  240
  offlineChairNWRed3                192 x  240
  offlineChairSWGreen0              192 x  240
  offlineFurniture76                192 x  240
  offlineOutline77                  192 x  240
  offlineChairSWGreen1              192 x  240
  offlineFurniture78                192 x  240
  offlineOutline79                  192 x  240
  offlineChairSWGreen2              192 x  240
  offlineChairSWGreen3              192 x  240
  offlineFurniture80                192 x  240
  offlineOutline81                  192 x  240
  offlineChairSWBlue0               192 x  240
  offlineChairSWBlue1               192 x  240
  offlineChairSWBlue2               192 x  240
  offlineChairSWBlue3               192 x  240
  offlineChairSWRed0                192 x  240
  offlineChairSWRed1                192 x  240
  offlineChairSWRed2                192 x  240
  offlineChairSWRed3                192 x  240
  offlineChairNEGreen0              192 x  240
  offlineFurniture82                192 x  240
  offlineOutline83                  192 x  240
  offlineChairNEGreen1              192 x  240
  offlineFurniture84                192 x  240
  offlineOutline85                  192 x  240
  offlineChairNEGreen2              192 x  240
  offlineChairNEGreen3              192 x  240
  offlineFurniture86                192 x  240
  offlineOutline87                  192 x  240
  offlineChairNEBlue0               192 x  240
  offlineChairNEBlue1               192 x  240
  offlineChairNEBlue2               192 x  240
  offlineChairNEBlue3               192 x  240
  offlineChairNERed0                192 x  240
  offlineChairNERed1                192 x  240
  offlineChairNERed2                192 x  240
  offlineChairNERed3                192 x  240
  offlineFridge                     192 x  240
  offlineFridgeNW                   192 x  240
  offlineFridgeSW                   192 x  240
  offlineFridgeNE                   192 x  240
  offlineStove                      192 x  240
  offlineStoveNW                    192 x  240
  offlineStoveSW                    192 x  240
  offlineStoveNE                    192 x  240
  offlineCounter                    192 x  240
  offlineCounterNW                  192 x  240
  offlineCounterSW                  192 x  240
  offlineCounterNE                  192 x  240
  offlineSink                       192 x  240
  offlineSinkNW                     192 x  240
  offlineSinkSW                     192 x  240
  offlineSinkNE                     192 x  240
  offlineBathroomSink               192 x  240
  offlineBathroomSinkNW             192 x  240
  offlineBathroomSinkSW             192 x  240
  offlineBathroomSinkNE             192 x  240
  offlineToilet                     192 x  240
  offlineToiletNW                   192 x  240
  offlineToiletSW                   192 x  240
  offlineToiletNE                   192 x  240
  offlineShower                     192 x  240
  offlineShowerNW                   192 x  240
  offlineShowerSW                   192 x  240
  offlineShowerNE                   192 x  240
  offlineLaundry                    192 x  240
  offlineLaundryNW                  192 x  240
  offlineLaundrySW                  192 x  240
  offlineLaundryNE                  192 x  240
  offlineBathtub                    320 x  352
  offlineBathtubNW                  320 x  352
  offlineBathtubSW                  320 x  352
  offlineBathtubNE                  320 x  352
  offlineNightstand                 192 x  240
  offlineNightstandNW               192 x  240
  offlineNightstandSW               192 x  240
  offlineNightstandNE               192 x  240
  offlineDresser                    192 x  240
  offlineDresserNW                  192 x  240
  offlineDresserSW                  192 x  240
  offlineDresserNE                  192 x  240
  offlineDoubleBed                  320 x  352
  offlineDoubleBedNW                320 x  352
  offlineDoubleBedSW                320 x  352
  offlineDoubleBedNE                320 x  352
  offlineBunk                       200 x  272
  offlineBunkNW                     200 x  272
  offlineBunkSW                     200 x  272
  offlineBunkNE                     200 x  272
  offlineBunkSEGreen0               200 x  272
  offlineBunkFurniture0             200 x  272
  offlineBunkOutline1               200 x  272
  offlineBunkSEGreen1               200 x  272
  offlineBunkFurniture2             200 x  272
  offlineBunkOutline3               200 x  272
  offlineBunkSEGreen2               200 x  272
  offlineBunkSEGreen3               200 x  272
  offlineBunkFurniture4             200 x  272
  offlineBunkOutline5               200 x  272
  offlineBunkSEBlue0                200 x  272
  offlineBunkSEBlue1                200 x  272
  offlineBunkSEBlue2                200 x  272
  offlineBunkSEBlue3                200 x  272
  offlineBunkSERed0                 200 x  272
  offlineBunkSERed1                 200 x  272
  offlineBunkSERed2                 200 x  272
  offlineBunkSERed3                 200 x  272
  offlineBunkNWGreen0               200 x  272
  offlineBunkFurniture6             200 x  272
  offlineBunkOutline7               200 x  272
  offlineBunkNWGreen1               200 x  272
  offlineBunkFurniture8             200 x  272
  offlineBunkOutline9               200 x  272
  offlineBunkNWGreen2               200 x  272
  offlineBunkNWGreen3               200 x  272
  offlineBunkFurniture10            200 x  272
  offlineBunkOutline11              200 x  272
  offlineBunkNWBlue0                200 x  272
  offlineBunkNWBlue1                200 x  272
  offlineBunkNWBlue2                200 x  272
  offlineBunkNWBlue3                200 x  272
  offlineBunkNWRed0                 200 x  272
  offlineBunkNWRed1                 200 x  272
  offlineBunkNWRed2                 200 x  272
  offlineBunkNWRed3                 200 x  272
  offlineBunkSWGreen0               200 x  272
  offlineBunkFurniture12            200 x  272
  offlineBunkOutline13              200 x  272
  offlineBunkSWGreen1               200 x  272
  offlineBunkFurniture14            200 x  272
  offlineBunkOutline15              200 x  272
  offlineBunkSWGreen2               200 x  272
  offlineBunkSWGreen3               200 x  272
  offlineBunkFurniture16            200 x  272
  offlineBunkOutline17              200 x  272
  offlineBunkSWBlue0                200 x  272
  offlineBunkSWBlue1                200 x  272
  offlineBunkSWBlue2                200 x  272
  offlineBunkSWBlue3                200 x  272
  offlineBunkSWRed0                 200 x  272
  offlineBunkSWRed1                 200 x  272
  offlineBunkSWRed2                 200 x  272
  offlineBunkSWRed3                 200 x  272
  offlineBunkNEGreen0               200 x  272
  offlineBunkFurniture18            200 x  272
  offlineBunkOutline19              200 x  272
  offlineBunkNEGreen1               200 x  272
  offlineBunkFurniture20            200 x  272
  offlineBunkOutline21              200 x  272
  offlineBunkNEGreen2               200 x  272
  offlineBunkNEGreen3               200 x  272
  offlineBunkFurniture22            200 x  272
  offlineBunkOutline23              200 x  272
  offlineBunkNEBlue0                200 x  272
  offlineBunkNEBlue1                200 x  272
  offlineBunkNEBlue2                200 x  272
  offlineBunkNEBlue3                200 x  272
  offlineBunkNERed0                 200 x  272
  offlineBunkNERed1                 200 x  272
  offlineBunkNERed2                 200 x  272
  offlineBunkNERed3                 200 x  272
  offlineDesk                       320 x  352
  offlineDeskNW                     320 x  352
  offlineDeskSW                     320 x  352
  offlineDeskNE                     320 x  352
  wallHalf1                          32 x  109
  wallHalf2                          32 x   98
  wallHalf4                          32 x   98
  wallHalf8                          32 x  109
  frontDoorFrameSELeft              112 x  109
  frontDoorClosedSELeft             112 x  109
  frontDoorAjarSELeft               112 x  109
  frontDoorOpenSELeft               112 x  109
  wallBookcase                       62 x  101
  wallBookcaseSW                     62 x  101
  wallBookcaseNW                     62 x   86
  wallBookcaseNE                     62 x   86
  wallLow1                           32 x   58
  wallLow2                           32 x   48
  wallLow3                           32 x   58
  wallLow4                           32 x   48
  wallLow5                           32 x   58
  wallLow6                           32 x   48
  wallLow7                           32 x   58
  wallLow8                           32 x   58
  wallLow9                           32 x   58
  wallLow10                          32 x   58
  wallLow11                          32 x   58
  wallLow12                          32 x   58
  wallLow13                          32 x   58
  wallLow14                          32 x   58
  wallLow15                          32 x   58
  doorwayLowNS                       32 x   58
  doorwayLowEW                       32 x   58
  offlineDeskChair                  192 x  240
  offlineDeskChairNW                192 x  240
  offlineDeskChairSW                192 x  240
  offlineDeskChairNE                192 x  240
  offlineDiningChair                192 x  240
  offlineDiningChairNW              192 x  240
  offlineDiningChairSW              192 x  240
  offlineDiningChairNE              192 x  240
  offlineDiningTable                320 x  352
  offlineDiningTableNW              320 x  352
  offlineDiningTableSW              320 x  352
  offlineDiningTableNE              320 x  352
  offlineLongSofa                   320 x  352
  offlineLongSofaNW                 320 x  352
  offlineLongSofaSW                 320 x  352
  offlineLongSofaNE                 320 x  352
  offlineTelevision                 192 x  240
  offlineTelevisionNW               192 x  240
  offlineTelevisionSW               192 x  240
  offlineTelevisionNE               192 x  240
  offlineRadio                      192 x  240
  offlineRadioNW                    192 x  240
  offlineRadioSW                    192 x  240
  offlineRadioNE                    192 x  240
  offlineArmchair                   192 x  240
  offlineArmchairNW                 192 x  240
  offlineArmchairSW                 192 x  240
  offlineArmchairNE                 192 x  240
  offlineArmchairSEGreen0           192 x  240
  offlineArmchairFurniture0         192 x  240
  offlineArmchairOutline1           192 x  240
  offlineArmchairSEGreen1           192 x  240
  offlineArmchairFurniture2         192 x  240
  offlineArmchairOutline3           192 x  240
  offlineArmchairSEGreen2           192 x  240
  offlineArmchairSEGreen3           192 x  240
  offlineArmchairFurniture4         192 x  240
  offlineArmchairOutline5           192 x  240
  offlineArmchairSEBlue0            192 x  240
  offlineArmchairSEBlue1            192 x  240
  offlineArmchairSEBlue2            192 x  240
  offlineArmchairSEBlue3            192 x  240
  offlineArmchairSERed0             192 x  240
  offlineArmchairSERed1             192 x  240
  offlineArmchairSERed2             192 x  240
  offlineArmchairSERed3             192 x  240
  offlineArmchairNWGreen0           192 x  240
  offlineArmchairFurniture6         192 x  240
  offlineArmchairOutline7           192 x  240
  offlineArmchairNWGreen1           192 x  240
  offlineArmchairFurniture8         192 x  240
  offlineArmchairOutline9           192 x  240
  offlineArmchairNWGreen2           192 x  240
  offlineArmchairNWGreen3           192 x  240
  offlineArmchairFurniture10        192 x  240
  offlineArmchairOutline11          192 x  240
  offlineArmchairNWBlue0            192 x  240
  offlineArmchairNWBlue1            192 x  240
  offlineArmchairNWBlue2            192 x  240
  offlineArmchairNWBlue3            192 x  240
  offlineArmchairNWRed0             192 x  240
  offlineArmchairNWRed1             192 x  240
  offlineArmchairNWRed2             192 x  240
  offlineArmchairNWRed3             192 x  240
  offlineArmchairSWGreen0           192 x  240
  offlineArmchairFurniture12        192 x  240
  offlineArmchairOutline13          192 x  240
  offlineArmchairSWGreen1           192 x  240
  offlineArmchairFurniture14        192 x  240
  offlineArmchairOutline15          192 x  240
  offlineArmchairSWGreen2           192 x  240
  offlineArmchairSWGreen3           192 x  240
  offlineArmchairFurniture16        192 x  240
  offlineArmchairOutline17          192 x  240
  offlineArmchairSWBlue0            192 x  240
  offlineArmchairSWBlue1            192 x  240
  offlineArmchairSWBlue2            192 x  240
  offlineArmchairSWBlue3            192 x  240
  offlineArmchairSWRed0             192 x  240
  offlineArmchairSWRed1             192 x  240
  offlineArmchairSWRed2             192 x  240
  offlineArmchairSWRed3             192 x  240
  offlineArmchairNEGreen0           192 x  240
  offlineArmchairFurniture18        192 x  240
  offlineArmchairOutline19          192 x  240
  offlineArmchairNEGreen1           192 x  240
  offlineArmchairFurniture20        192 x  240
  offlineArmchairOutline21          192 x  240
  offlineArmchairNEGreen2           192 x  240
  offlineArmchairNEGreen3           192 x  240
  offlineArmchairFurniture22        192 x  240
  offlineArmchairOutline23          192 x  240
  offlineArmchairNEBlue0            192 x  240
  offlineArmchairNEBlue1            192 x  240
  offlineArmchairNEBlue2            192 x  240
  offlineArmchairNEBlue3            192 x  240
  offlineArmchairNERed0             192 x  240
  offlineArmchairNERed1             192 x  240
  offlineArmchairNERed2             192 x  240
  offlineArmchairNERed3             192 x  240
  offlineFloorLamp                  192 x  240
  offlineFloorLampNW                192 x  240
  offlineFloorLampSW                192 x  240
  offlineFloorLampNE                192 x  240
  offlineCoatRack                   192 x  240
  offlineCoatRackNW                 192 x  240
  offlineCoatRackSW                 192 x  240
  offlineCoatRackNE                 192 x  240
  offlinePottedPlant                192 x  240
  offlinePottedPlantNW              192 x  240
  offlinePottedPlantSW              192 x  240
  offlinePottedPlantNE              192 x  240
  offlineOttoman                    192 x  240
  offlineOttomanNW                  192 x  240
  offlineOttomanSW                  192 x  240
  offlineOttomanNE                  192 x  240
  offlineTrashcan                   192 x  240
  offlineTrashcanNW                 192 x  240
  offlineTrashcanSW                 192 x  240
  offlineTrashcanNE                 192 x  240
  offlineBookcase                   192 x  240
  offlineBookcaseNW                 192 x  240
  offlineBookcaseSW                 192 x  240
  offlineBookcaseNE                 192 x  240
  activityWalking                    52 x   52
  activityWait                       52 x   52
  activityEat                        52 x   52
  activityTalk                       52 x   52
  activitySleep                      52 x   52
  activityUse                        52 x   52
  activityReading                    52 x   52
  activityExercise                   52 x   52
  activityWatchFish                  52 x   52
  activitySitting                    52 x   52
  activityShower                     52 x   52
  activityToilet                     52 x   52
  activityTV                         52 x   52
  activityLyingDown                  52 x   52
  activityWashHands                  52 x   52
  activityWashDishes                 52 x   52
  activityRadio                      52 x   52
  activityCorrespondence             52 x   52
  activityBath                       52 x   52
  activityIngredients                52 x   52
  activityPrepareFood                52 x   52
  activityCooking                    52 x   52
  rigSimPrepareSE0                  104 x  208
  rigSimPrepareSE1                  104 x  208
  rigSimPrepareSE2                  104 x  208
  rigSimPrepareSE3                  104 x  208
  rigSimPrepareNW0                  104 x  208
  rigSimPrepareNW1                  104 x  208
  rigSimPrepareNW2                  104 x  208
  rigSimPrepareNW3                  104 x  208
  rigSimPrepareSW0                  104 x  208
  rigSimPrepareSW1                  104 x  208
  rigSimPrepareSW2                  104 x  208
  rigSimPrepareSW3                  104 x  208
  rigSimPrepareNE0                  104 x  208
  rigSimPrepareNE1                  104 x  208
  rigSimPrepareNE2                  104 x  208
  rigSimPrepareNE3                  104 x  208
  rigSimCookSE0                     104 x  208
  rigSimCookSE1                     104 x  208
  rigSimCookSE2                     104 x  208
  rigSimCookSE3                     104 x  208
  rigSimCookNW0                     104 x  208
  rigSimCookNW1                     104 x  208
  rigSimCookNW2                     104 x  208
  rigSimCookNW3                     104 x  208
  rigSimCookSW0                     104 x  208
  rigSimCookSW1                     104 x  208
  rigSimCookSW2                     104 x  208
  rigSimCookSW3                     104 x  208
  rigSimCookNE0                     104 x  208
  rigSimCookNE1                     104 x  208
  rigSimCookNE2                     104 x  208
  rigSimCookNE3                     104 x  208
  rigSimWashSE0                     160 x  208
  rigSimWashSE1                     160 x  208
  rigSimWashSE2                     160 x  208
  rigSimWashSE3                     160 x  208
  rigSimWashNW0                     160 x  208
  rigSimWashNW1                     160 x  208
  rigSimWashNW2                     160 x  208
  rigSimWashNW3                     160 x  208
  rigSimWashSW0                     160 x  208
  rigSimWashSW1                     160 x  208
  rigSimWashSW2                     160 x  208
  rigSimWashSW3                     160 x  208
  rigSimWashNE0                     160 x  208
  rigSimWashNE1                     160 x  208
  rigSimWashNE2                     160 x  208
  rigSimWashNE3                     160 x  208
  rigSimBluePrepareSE0              104 x  208
  rigSimBluePrepareSE1              104 x  208
  rigSimBluePrepareSE2              104 x  208
  rigSimBluePrepareSE3              104 x  208
  rigSimBluePrepareNW0              104 x  208
  rigSimBluePrepareNW1              104 x  208
  rigSimBluePrepareNW2              104 x  208
  rigSimBluePrepareNW3              104 x  208
  rigSimBluePrepareSW0              104 x  208
  rigSimBluePrepareSW1              104 x  208
  rigSimBluePrepareSW2              104 x  208
  rigSimBluePrepareSW3              104 x  208
  rigSimBluePrepareNE0              104 x  208
  rigSimBluePrepareNE1              104 x  208
  rigSimBluePrepareNE2              104 x  208
  rigSimBluePrepareNE3              104 x  208
  rigSimBlueCookSE0                 104 x  208
  rigSimBlueCookSE1                 104 x  208
  rigSimBlueCookSE2                 104 x  208
  rigSimBlueCookSE3                 104 x  208
  rigSimBlueCookNW0                 104 x  208
  rigSimBlueCookNW1                 104 x  208
  rigSimBlueCookNW2                 104 x  208
  rigSimBlueCookNW3                 104 x  208
  rigSimBlueCookSW0                 104 x  208
  rigSimBlueCookSW1                 104 x  208
  rigSimBlueCookSW2                 104 x  208
  rigSimBlueCookSW3                 104 x  208
  rigSimBlueCookNE0                 104 x  208
  rigSimBlueCookNE1                 104 x  208
  rigSimBlueCookNE2                 104 x  208
  rigSimBlueCookNE3                 104 x  208
  rigSimBlueWashSE0                 160 x  208
  rigSimBlueWashSE1                 160 x  208
  rigSimBlueWashSE2                 160 x  208
  rigSimBlueWashSE3                 160 x  208
  rigSimBlueWashNW0                 160 x  208
  rigSimBlueWashNW1                 160 x  208
  rigSimBlueWashNW2                 160 x  208
  rigSimBlueWashNW3                 160 x  208
  rigSimBlueWashSW0                 160 x  208
  rigSimBlueWashSW1                 160 x  208
  rigSimBlueWashSW2                 160 x  208
  rigSimBlueWashSW3                 160 x  208
  rigSimBlueWashNE0                 160 x  208
  rigSimBlueWashNE1                 160 x  208
  rigSimBlueWashNE2                 160 x  208
  rigSimBlueWashNE3                 160 x  208
  rigSimRedPrepareSE0               104 x  208
  rigSimRedPrepareSE1               104 x  208
  rigSimRedPrepareSE2               104 x  208
  rigSimRedPrepareSE3               104 x  208
  rigSimRedPrepareNW0               104 x  208
  rigSimRedPrepareNW1               104 x  208
  rigSimRedPrepareNW2               104 x  208
  rigSimRedPrepareNW3               104 x  208
  rigSimRedPrepareSW0               104 x  208
  rigSimRedPrepareSW1               104 x  208
  rigSimRedPrepareSW2               104 x  208
  rigSimRedPrepareSW3               104 x  208
  rigSimRedPrepareNE0               104 x  208
  rigSimRedPrepareNE1               104 x  208
  rigSimRedPrepareNE2               104 x  208
  rigSimRedPrepareNE3               104 x  208
  rigSimRedCookSE0                  104 x  208
  rigSimRedCookSE1                  104 x  208
  rigSimRedCookSE2                  104 x  208
  rigSimRedCookSE3                  104 x  208
  rigSimRedCookNW0                  104 x  208
  rigSimRedCookNW1                  104 x  208
  rigSimRedCookNW2                  104 x  208
  rigSimRedCookNW3                  104 x  208
  rigSimRedCookSW0                  104 x  208
  rigSimRedCookSW1                  104 x  208
  rigSimRedCookSW2                  104 x  208
  rigSimRedCookSW3                  104 x  208
  rigSimRedCookNE0                  104 x  208
  rigSimRedCookNE1                  104 x  208
  rigSimRedCookNE2                  104 x  208
  rigSimRedCookNE3                  104 x  208
  rigSimRedWashSE0                  160 x  208
  rigSimRedWashSE1                  160 x  208
  rigSimRedWashSE2                  160 x  208
  rigSimRedWashSE3                  160 x  208
  rigSimRedWashNW0                  160 x  208
  rigSimRedWashNW1                  160 x  208
  rigSimRedWashNW2                  160 x  208
  rigSimRedWashNW3                  160 x  208
  rigSimRedWashSW0                  160 x  208
  rigSimRedWashSW1                  160 x  208
  rigSimRedWashSW2                  160 x  208
  rigSimRedWashSW3                  160 x  208
  rigSimRedWashNE0                  160 x  208
  rigSimRedWashNE1                  160 x  208
  rigSimRedWashNE2                  160 x  208
  rigSimRedWashNE3                  160 x  208
  dirtyDishes                        48 x   48
  dirtyDishesNW                      48 x   48
  dirtyDishesSW                      48 x   48
  dirtyDishesNE                      48 x   48
  dirtyDishesPair                    48 x   48
  dirtyDishesPairNW                  48 x   48
  dirtyDishesPairSW                  48 x   48
  dirtyDishesPairNE                  48 x   48
  dirtyPrep                          48 x   48
  dirtyPrepNW                        48 x   48
  dirtyPrepSW                        48 x   48
  dirtyPrepNE                        48 x   48
  dirtyPrepLarge                     48 x   48
  dirtyPrepLargeNW                   48 x   48
  dirtyPrepLargeSW                   48 x   48
  dirtyPrepLargeNE                   48 x   48
  mealPlate                          48 x   48
  mealPlateNW                        48 x   48
  mealPlateSW                        48 x   48
  mealPlateNE                        48 x   48
  rigSimCarryWalkSE0                104 x  208
  rigSimCarryWalkSE1                104 x  208
  rigSimCarryWalkSE2                104 x  208
  rigSimCarryWalkSE3                104 x  208
  rigSimCarryWalkSE4                104 x  208
  rigSimCarryWalkSE5                104 x  208
  rigSimCarryWalkSE6                104 x  208
  rigSimCarryWalkSE7                104 x  208
  rigSimCarryWalkNW0                104 x  208
  rigSimCarryWalkNW1                104 x  208
  rigSimCarryWalkNW2                104 x  208
  rigSimCarryWalkNW3                104 x  208
  rigSimCarryWalkNW4                104 x  208
  rigSimCarryWalkNW5                104 x  208
  rigSimCarryWalkNW6                104 x  208
  rigSimCarryWalkNW7                104 x  208
  rigSimCarryWalkSW0                104 x  208
  rigSimCarryWalkSW1                104 x  208
  rigSimCarryWalkSW2                104 x  208
  rigSimCarryWalkSW3                104 x  208
  rigSimCarryWalkSW4                104 x  208
  rigSimCarryWalkSW5                104 x  208
  rigSimCarryWalkSW6                104 x  208
  rigSimCarryWalkSW7                104 x  208
  rigSimCarryWalkNE0                104 x  208
  rigSimCarryWalkNE1                104 x  208
  rigSimCarryWalkNE2                104 x  208
  rigSimCarryWalkNE3                104 x  208
  rigSimCarryWalkNE4                104 x  208
  rigSimCarryWalkNE5                104 x  208
  rigSimCarryWalkNE6                104 x  208
  rigSimCarryWalkNE7                104 x  208
  rigSimCarryIdleSE0                104 x  208
  rigSimCarryIdleSE1                104 x  208
  rigSimCarryIdleSE2                104 x  208
  rigSimCarryIdleSE3                104 x  208
  rigSimCarryIdleNW0                104 x  208
  rigSimCarryIdleNW1                104 x  208
  rigSimCarryIdleNW2                104 x  208
  rigSimCarryIdleNW3                104 x  208
  rigSimCarryIdleSW0                104 x  208
  rigSimCarryIdleSW1                104 x  208
  rigSimCarryIdleSW2                104 x  208
  rigSimCarryIdleSW3                104 x  208
  rigSimCarryIdleNE0                104 x  208
  rigSimCarryIdleNE1                104 x  208
  rigSimCarryIdleNE2                104 x  208
  rigSimCarryIdleNE3                104 x  208
  rigSimBlueCarryWalkSE0            104 x  208
  rigSimBlueCarryWalkSE1            104 x  208
  rigSimBlueCarryWalkSE2            104 x  208
  rigSimBlueCarryWalkSE3            104 x  208
  rigSimBlueCarryWalkSE4            104 x  208
  rigSimBlueCarryWalkSE5            104 x  208
  rigSimBlueCarryWalkSE6            104 x  208
  rigSimBlueCarryWalkSE7            104 x  208
  rigSimBlueCarryWalkNW0            104 x  208
  rigSimBlueCarryWalkNW1            104 x  208
  rigSimBlueCarryWalkNW2            104 x  208
  rigSimBlueCarryWalkNW3            104 x  208
  rigSimBlueCarryWalkNW4            104 x  208
  rigSimBlueCarryWalkNW5            104 x  208
  rigSimBlueCarryWalkNW6            104 x  208
  rigSimBlueCarryWalkNW7            104 x  208
  rigSimBlueCarryWalkSW0            104 x  208
  rigSimBlueCarryWalkSW1            104 x  208
  rigSimBlueCarryWalkSW2            104 x  208
  rigSimBlueCarryWalkSW3            104 x  208
  rigSimBlueCarryWalkSW4            104 x  208
  rigSimBlueCarryWalkSW5            104 x  208
  rigSimBlueCarryWalkSW6            104 x  208
  rigSimBlueCarryWalkSW7            104 x  208
  rigSimBlueCarryWalkNE0            104 x  208
  rigSimBlueCarryWalkNE1            104 x  208
  rigSimBlueCarryWalkNE2            104 x  208
  rigSimBlueCarryWalkNE3            104 x  208
  rigSimBlueCarryWalkNE4            104 x  208
  rigSimBlueCarryWalkNE5            104 x  208
  rigSimBlueCarryWalkNE6            104 x  208
  rigSimBlueCarryWalkNE7            104 x  208
  rigSimBlueCarryIdleSE0            104 x  208
  rigSimBlueCarryIdleSE1            104 x  208
  rigSimBlueCarryIdleSE2            104 x  208
  rigSimBlueCarryIdleSE3            104 x  208
  rigSimBlueCarryIdleNW0            104 x  208
  rigSimBlueCarryIdleNW1            104 x  208
  rigSimBlueCarryIdleNW2            104 x  208
  rigSimBlueCarryIdleNW3            104 x  208
  rigSimBlueCarryIdleSW0            104 x  208
  rigSimBlueCarryIdleSW1            104 x  208
  rigSimBlueCarryIdleSW2            104 x  208
  rigSimBlueCarryIdleSW3            104 x  208
  rigSimBlueCarryIdleNE0            104 x  208
  rigSimBlueCarryIdleNE1            104 x  208
  rigSimBlueCarryIdleNE2            104 x  208
  rigSimBlueCarryIdleNE3            104 x  208
  rigSimRedCarryWalkSE0             104 x  208
  rigSimRedCarryWalkSE1             104 x  208
  rigSimRedCarryWalkSE2             104 x  208
  rigSimRedCarryWalkSE3             104 x  208
  rigSimRedCarryWalkSE4             104 x  208
  rigSimRedCarryWalkSE5             104 x  208
  rigSimRedCarryWalkSE6             104 x  208
  rigSimRedCarryWalkSE7             104 x  208
  rigSimRedCarryWalkNW0             104 x  208
  rigSimRedCarryWalkNW1             104 x  208
  rigSimRedCarryWalkNW2             104 x  208
  rigSimRedCarryWalkNW3             104 x  208
  rigSimRedCarryWalkNW4             104 x  208
  rigSimRedCarryWalkNW5             104 x  208
  rigSimRedCarryWalkNW6             104 x  208
  rigSimRedCarryWalkNW7             104 x  208
  rigSimRedCarryWalkSW0             104 x  208
  rigSimRedCarryWalkSW1             104 x  208
  rigSimRedCarryWalkSW2             104 x  208
  rigSimRedCarryWalkSW3             104 x  208
  rigSimRedCarryWalkSW4             104 x  208
  rigSimRedCarryWalkSW5             104 x  208
  rigSimRedCarryWalkSW6             104 x  208
  rigSimRedCarryWalkSW7             104 x  208
  rigSimRedCarryWalkNE0             104 x  208
  rigSimRedCarryWalkNE1             104 x  208
  rigSimRedCarryWalkNE2             104 x  208
  rigSimRedCarryWalkNE3             104 x  208
  rigSimRedCarryWalkNE4             104 x  208
  rigSimRedCarryWalkNE5             104 x  208
  rigSimRedCarryWalkNE6             104 x  208
  rigSimRedCarryWalkNE7             104 x  208
  rigSimRedCarryIdleSE0             104 x  208
  rigSimRedCarryIdleSE1             104 x  208
  rigSimRedCarryIdleSE2             104 x  208
  rigSimRedCarryIdleSE3             104 x  208
  rigSimRedCarryIdleNW0             104 x  208
  rigSimRedCarryIdleNW1             104 x  208
  rigSimRedCarryIdleNW2             104 x  208
  rigSimRedCarryIdleNW3             104 x  208
  rigSimRedCarryIdleSW0             104 x  208
  rigSimRedCarryIdleSW1             104 x  208
  rigSimRedCarryIdleSW2             104 x  208
  rigSimRedCarryIdleSW3             104 x  208
  rigSimRedCarryIdleNE0             104 x  208
  rigSimRedCarryIdleNE1             104 x  208
  rigSimRedCarryIdleNE2             104 x  208
  rigSimRedCarryIdleNE3             104 x  208
  doorFrame0                        336 x  360
  doorFrame0Depth                   336 x  360
  doorLeaf0_0                       336 x  360
  doorLeaf0_0Depth                  336 x  360
  doorLeaf0_1                       336 x  360
  doorLeaf0_1Depth                  336 x  360
  doorLeaf0_2                       336 x  360
  doorLeaf0_2Depth                  336 x  360
  doorLeaf0_3                       336 x  360
  doorLeaf0_3Depth                  336 x  360
  doorLeaf0_4                       336 x  360
  doorLeaf0_4Depth                  336 x  360
  doorLeaf0_5                       336 x  360
  doorLeaf0_5Depth                  336 x  360
  doorLeaf0_6                       336 x  360
  doorLeaf0_6Depth                  336 x  360
  doorLeaf0_7                       336 x  360
  doorLeaf0_7Depth                  336 x  360
  doorLeaf0_8                       336 x  360
  doorLeaf0_8Depth                  336 x  360
  doorFrame1                        336 x  360
  doorFrame1Depth                   336 x  360
  doorLeaf1_0                       336 x  360
  doorLeaf1_0Depth                  336 x  360
  doorLeaf1_1                       336 x  360
  doorLeaf1_1Depth                  336 x  360
  doorLeaf1_2                       336 x  360
  doorLeaf1_2Depth                  336 x  360
  doorLeaf1_3                       336 x  360
  doorLeaf1_3Depth                  336 x  360
  doorLeaf1_4                       336 x  360
  doorLeaf1_4Depth                  336 x  360
  doorLeaf1_5                       336 x  360
  doorLeaf1_5Depth                  336 x  360
  doorLeaf1_6                       336 x  360
  doorLeaf1_6Depth                  336 x  360
  doorLeaf1_7                       336 x  360
  doorLeaf1_7Depth                  336 x  360
  doorLeaf1_8                       336 x  360
  doorLeaf1_8Depth                  336 x  360
  doorFrame2                        336 x  360
  doorFrame2Depth                   336 x  360
  doorLeaf2_0                       336 x  360
  doorLeaf2_0Depth                  336 x  360
  doorLeaf2_1                       336 x  360
  doorLeaf2_1Depth                  336 x  360
  doorLeaf2_2                       336 x  360
  doorLeaf2_2Depth                  336 x  360
  doorLeaf2_3                       336 x  360
  doorLeaf2_3Depth                  336 x  360
  doorLeaf2_4                       336 x  360
  doorLeaf2_4Depth                  336 x  360
  doorLeaf2_5                       336 x  360
  doorLeaf2_5Depth                  336 x  360
  doorLeaf2_6                       336 x  360
  doorLeaf2_6Depth                  336 x  360
  doorLeaf2_7                       336 x  360
  doorLeaf2_7Depth                  336 x  360
  doorLeaf2_8                       336 x  360
  doorLeaf2_8Depth                  336 x  360
  doorFrame3                        336 x  360
  doorFrame3Depth                   336 x  360
  doorLeaf3_0                       336 x  360
  doorLeaf3_0Depth                  336 x  360
  doorLeaf3_1                       336 x  360
  doorLeaf3_1Depth                  336 x  360
  doorLeaf3_2                       336 x  360
  doorLeaf3_2Depth                  336 x  360
  doorLeaf3_3                       336 x  360
  doorLeaf3_3Depth                  336 x  360
  doorLeaf3_4                       336 x  360
  doorLeaf3_4Depth                  336 x  360
  doorLeaf3_5                       336 x  360
  doorLeaf3_5Depth                  336 x  360
  doorLeaf3_6                       336 x  360
  doorLeaf3_6Depth                  336 x  360
  doorLeaf3_7                       336 x  360
  doorLeaf3_7Depth                  336 x  360
  doorLeaf3_8                       336 x  360
  doorLeaf3_8Depth                  336 x  360
  coveredBedLayer_07857df19fe4dd390e25cdd48211a79ba7ff29cdabfc5522d2b39ed3fef3eb2b  232 x  218
  coveredBedLayer_0a13d8f771415f8bfac0d11f54e2bb33b3bdfd3f42fd0d0ed8ff8fb2aaa39252  232 x  218
  coveredBedLayer_1011c544bd7182744da02292313b71c771c1d198bb4bd83435ecc07b34560e1f  232 x  218
  coveredBedLayer_107650cc4068f214e34800dd18adb56ff656e9d97f0c373b47bb2e41e1cfa97c  232 x  218
  coveredBedLayer_10d4dda919f158f464571438b1f2b62fcae57350c461ae231dffbc9a82817d41  232 x  218
  coveredBedLayer_1698a5db0628111eb9d7aae15ae2dd4f85c19535b02e64d1cfae721533d24235  232 x  218
  coveredBedLayer_1beba1e435f7ae41200c8d95421c6b0135e68c9c3726949f5e20b8c1a9242d8b  232 x  218
  coveredBedLayer_1e84640aa1a31d90a031ed5c5217f48640b113dd1446ae2679b7b82003e04179  232 x  218
  coveredBedLayer_255a597dfcc303bcc16a071efaa5e8b7266e6ffd4c7a7170439cbaed05ba4a06  232 x  218
  coveredBedLayer_26493b8e0e5bac6a3c8adf8b033654bf77c25290b59dba0917beb0b1b404f4a8  232 x  218
  coveredBedLayer_293c720bf9c2297c4c4c81321a29309eefc93f016d5627c84c66ff51ead0fc96  232 x  218
  coveredBedLayer_2a87b95d8af8b02e7209c5da2dafbb7b0184b730ef1c4718001b7235eb2c8af7  232 x  218
  coveredBedLayer_2bfa1e3f6e121f706a8c756f396b1199727811118d016af47a4a24418c6493a9  232 x  218
  coveredBedLayer_32df0bb8883b49566101696ec2e2cae4af29517f5fc6ef2647ead979611bc699  232 x  218
  coveredBedLayer_35f62e162a4888f390dbfb436b0c73db395a21bdd313c056c0503fb46abea508  232 x  218
  coveredBedLayer_3a1598b16c759035a5e898e3ba9b9a0d7ab26e139dbbbaf586c860d1a6d51928  232 x  218
  coveredBedLayer_4405967889bf152d553183656d8758a90b3dfffac1633757fd2fb21ff4a5d644  232 x  218
  coveredBedLayer_45a2d40f15a87fad204f1486b2bb45dfb9a007757939260e9c60e3670b8afd2c  232 x  218
  coveredBedLayer_48caaca96d336e48be54e374fab1dbe773692aaa7e0f6e667f1bb91e570489e5  232 x  218
  coveredBedLayer_4c696e7b785a1268421f94bd7a3d65d1630a55dd0243fbff16ead7a42086a345  232 x  218
  coveredBedLayer_52745b4d4f4a8ab39ea0f7865686214aac96874521c37ae314d7dbb3ed22d3ab  232 x  218
  coveredBedLayer_5396869f92849a472ab94d1af8ad93c9f13b51e1439ceded0d2114871f529ce7  232 x  218
  coveredBedLayer_5473d206fc705fe176a9b3596f054b67176b0d98df15295f9d177b1fc2f77303  232 x  218
  coveredBedLayer_56a61c3569321f9c30041086cadda5367ca54675c0c09c5af14b10238258158b  232 x  218
  coveredBedLayer_56c7bc20a5348ffcdc2cf94e225e2726bb52d48ed40b72825e337f32cd60da55  232 x  218
  coveredBedLayer_581f200f0d08a111d984fb6763cb2d76e837c7f80ac92eadbaf1748b5bea366b  232 x  218
  coveredBedLayer_58d9c5c92b63d8744fd51d865695c5c092c128986887defad89bb96b50924dad  232 x  218
  coveredBedLayer_5caf19d2e21d709b45364bcea8fc090be3f9574b8c0be37bb28995610a6c0e65  232 x  218
  coveredBedLayer_61c1d9b024248dd50e2808761a8cddb054e332a79812b257762777f79c4d793f  232 x  218
  coveredBedLayer_6249437ee6af4a2a41f4fc3002e4cabf75ce1f7b5507dbd167ed896250f2ee10  232 x  218
  coveredBedLayer_630997ce647c86ee626341df6ba73be087cdaba502fa98658828a6cb2b76e566  232 x  218
  coveredBedLayer_68086ff1e0f5af47ef972d1e184249b0376f902158eda0773aecfe63a1f3db75  232 x  218
  coveredBedLayer_6b9ff7dd34105b8775d048c94f95eee09c34bef836566355003955cc4d62911e  232 x  218
  coveredBedLayer_6ec0eccad0e2db79d1f6a04cc2637143d10fb97e5b92644ea9a0849ed8fa97c4  232 x  218
  coveredBedLayer_72cfe18fc2a79243ded11a2a402e0ca897182d78bdc54eeaf2d8ae05f31192f1  232 x  218
  coveredBedLayer_78546f6f3246c883ba0f57d0912c6d85c43d27de904f17217ceb6ebe6d2c46ea  232 x  218
  coveredBedLayer_7f68f90a241a1f4ec5e2f15735f9fb6a66724a3125e5bdb754163a9acce30fe5  232 x  218
  coveredBedLayer_8118e6f281b17dbdf8956fe97f90724beb530b806ec780581755a85636095e91  232 x  218
  coveredBedLayer_81bea16ee3a1a498f007ef97448a48360b53b7c54574c63034fd779e3aa7ed60  232 x  218
  coveredBedLayer_84f9ebaefda879ba413b9d42f97b1c44e1f52b8df98afb8b543883ae1ab73b73  232 x  218
  coveredBedLayer_8a4c14174a72fc35329300cbdcb88ecaab2f67c391ba45031ad8207758e4dd4d  232 x  218
  coveredBedLayer_90ffa1a937336f7b741e12179110054431d91bc7e65f6cee6b506b727c42f416  232 x  218
  coveredBedLayer_989ee56b85891ed2bb752093b9238e914471d83c6937b5cb1cab002be35cbf1b  232 x  218
  coveredBedLayer_9a4fa58d857276dc9b2d5365b734a6fbbf6c5bd12088e7f2a9706ca15c77e005  232 x  218
  coveredBedLayer_9adbb9abd43353ef80bea4aa3cb0273c593ca9a47908210495e712c35016638a  232 x  218
  coveredBedLayer_9dab8d1cac39ad460ab5cc3ff81977403eacdd92eae9e3f476fd38ae9f0cf6ff  232 x  218
  coveredBedLayer_9ea6675bacf093ccef9388f71e3f25cee9082c3175b686b38abda1d771d0ccc2  232 x  218
  coveredBedLayer_9f1da1a7c6c36efa39a601d45ef6036c127bb14c5a9230e96b6316ca56fc472e  232 x  218
  coveredBedLayer_bebd31cc8a59a6e357825b01abae0697114532d7358a9311dd1d31aef6177e99  232 x  218
  coveredBedLayer_c09eec8a069197713fd6df88029437df350164fdd0a47b4fadc564cc7e0c2487  232 x  218
  coveredBedLayer_c0a2187e7264bf28aa186cdbcdba40cceac1bd73fa5e98c64abaf07040f565a0  232 x  218
  coveredBedLayer_c2f55a1a37815e5649bd1b10b5612f3fe790e42b968e0af3a92b295967f799c2  232 x  218
  coveredBedLayer_c99681a42cf7f7a3d9b2339999fed87e948191bfc2247551f70d2a6f49061766  232 x  218
  coveredBedLayer_ca21508b98d185fc4353ac3bd26f823228b7c12df18a474f5a9af3ca293ecf0e  232 x  218
  coveredBedLayer_cb4bbf2a92d3ac931bfc9eb81a356f02c12e67acdf1ec9e95a9d8e273907ad60  232 x  218
  coveredBedLayer_cc7045aabc20243bb666db87c6c780e19212cc830776ca0889ee23da85f374bf  232 x  218
  coveredBedLayer_d36a5371ad0483ac4b2f1b0aca6ba27a21effd27dd17509254f6999abca8f878  232 x  218
  coveredBedLayer_d795aef742623aeabc2e329124963f2a3d290b60be279e5104f59b326a7ef239  232 x  218
  coveredBedLayer_ddf9326ea86536b7c1fd710b89a25cbf6c0fc3667c8be6e9c5a2e144a6fe42d8  232 x  218
  coveredBedLayer_dea55409c22ee9afed58cfb03b14c84e35d0b68c87a32db604a1c4e62f7f8875  232 x  218
  coveredBedLayer_e7ba65feaed5b44903fd970aa47be2d82a7f45d25a85d0007ca80704981e6519  232 x  218
  coveredBedLayer_ebd6897078f6ff06f0a426565d2c797ec6762c8cc0d6c5b3c07d7886f8323287  232 x  218
  coveredBedLayer_f01b5e3b2311e08d890d7ba37928a3de3231ef466e2827081fff5c0abe40bf38  232 x  218
  coveredBedLayer_f16a628f01b1f8cc04ca9c5c246af2bdabdf68b5ed8deca9c6593fe800a1f11c  232 x  218
  coveredBedLayer_f4fa3c5f00edf716719157373de36b4750e67966005da006885e3b73e5e5aa98  232 x  218
  coveredBedLayer_f7785c0971dfa815f9d00117ddedf85647f64e839de2843f29ab51784a941032  232 x  218
  coveredBedLayer_fa36046be09357776bb9893eaa2bacdc17021099a0ed33ca27baa6f96455a609  232 x  218
  coveredBedLayer_fdc9befda693e2ee35f11809fcb32ec6fa7456da8699fc6ff39713dd37425458  232 x  218
  coveredBedLayer_ff725484b0a146e02cbb29aefefedc645a5e84d5fce7ceef13864a29a11e87f4  232 x  218
  coveredBedScene_NE_0              232 x  218
  coveredBedScene_NE_9              232 x  218
  coveredBedScene_NE_12             232 x  218
  coveredBedScene_NE_15             232 x  218
  coveredBedScene_NE_18             232 x  218
  coveredBedScene_NE_19             232 x  218
  coveredBedScene_NE_20             232 x  218
  coveredBedScene_NE_27             232 x  218
  coveredBedScene_NE_28             232 x  218
  coveredBedScene_NE_29             232 x  218
  coveredBedScene_NE_30             232 x  218
  coveredBedScene_NE_31             232 x  218
  coveredBedScene_NE_32             232 x  218
  coveredBedScene_NE_33             232 x  218
  coveredBedScene_NE_34             232 x  218
  coveredBedScene_NE_35             232 x  218
  coveredBedScene_NW_0              232 x  218
  coveredBedScene_NW_9              232 x  218
  coveredBedScene_NW_12             232 x  218
  coveredBedScene_NW_15             232 x  218
  coveredBedScene_NW_18             232 x  218
  coveredBedScene_NW_19             232 x  218
  coveredBedScene_NW_20             232 x  218
  coveredBedScene_NW_27             232 x  218
  coveredBedScene_NW_28             232 x  218
  coveredBedScene_NW_29             232 x  218
  coveredBedScene_NW_30             232 x  218
  coveredBedScene_NW_31             232 x  218
  coveredBedScene_NW_32             232 x  218
  coveredBedScene_NW_33             232 x  218
  coveredBedScene_NW_34             232 x  218
  coveredBedScene_NW_35             232 x  218
  coveredBedScene_SE_0              232 x  218
  coveredBedScene_SE_9              232 x  218
  coveredBedScene_SE_12             232 x  218
  coveredBedScene_SE_15             232 x  218
  coveredBedScene_SE_18             232 x  218
  coveredBedScene_SE_19             232 x  218
  coveredBedScene_SE_20             232 x  218
  coveredBedScene_SE_27             232 x  218
  coveredBedScene_SE_28             232 x  218
  coveredBedScene_SE_29             232 x  218
  coveredBedScene_SE_30             232 x  218
  coveredBedScene_SE_31             232 x  218
  coveredBedScene_SE_32             232 x  218
  coveredBedScene_SE_33             232 x  218
  coveredBedScene_SE_34             232 x  218
  coveredBedScene_SE_35             232 x  218
  coveredBedScene_SW_0              232 x  218
  coveredBedScene_SW_9              232 x  218
  coveredBedScene_SW_12             232 x  218
  coveredBedScene_SW_15             232 x  218
  coveredBedScene_SW_18             232 x  218
  coveredBedScene_SW_19             232 x  218
  coveredBedScene_SW_20             232 x  218
  coveredBedScene_SW_27             232 x  218
  coveredBedScene_SW_28             232 x  218
  coveredBedScene_SW_29             232 x  218
  coveredBedScene_SW_30             232 x  218
  coveredBedScene_SW_31             232 x  218
  coveredBedScene_SW_32             232 x  218
  coveredBedScene_SW_33             232 x  218
  coveredBedScene_SW_34             232 x  218
  coveredBedScene_SW_35             232 x  218
  rigSimFoodWalkSE0                  88 x  188
  rigSimFoodWalkSE1                  88 x  188
  rigSimFoodWalkSE2                  88 x  188
  rigSimFoodWalkSE3                  88 x  188
  rigSimFoodWalkSE4                  88 x  188
  rigSimFoodWalkSE5                  88 x  188
  rigSimFoodWalkSE6                  88 x  188
  rigSimFoodWalkSE7                  88 x  188
  rigSimFoodWalkNW0                  88 x  188
  rigSimFoodWalkNW1                  88 x  188
  rigSimFoodWalkNW2                  88 x  188
  rigSimFoodWalkNW3                  88 x  188
  rigSimFoodWalkNW4                  88 x  188
  rigSimFoodWalkNW5                  88 x  188
  rigSimFoodWalkNW6                  88 x  188
  rigSimFoodWalkNW7                  88 x  188
  rigSimFoodWalkSW0                  88 x  188
  rigSimFoodWalkSW1                  88 x  188
  rigSimFoodWalkSW2                  88 x  188
  rigSimFoodWalkSW3                  88 x  188
  rigSimFoodWalkSW4                  88 x  188
  rigSimFoodWalkSW5                  88 x  188
  rigSimFoodWalkSW6                  88 x  188
  rigSimFoodWalkSW7                  88 x  188
  rigSimFoodWalkNE0                  88 x  188
  rigSimFoodWalkNE1                  88 x  188
  rigSimFoodWalkNE2                  88 x  188
  rigSimFoodWalkNE3                  88 x  188
  rigSimFoodWalkNE4                  88 x  188
  rigSimFoodWalkNE5                  88 x  188
  rigSimFoodWalkNE6                  88 x  188
  rigSimFoodWalkNE7                  88 x  188
  rigSimFoodIdleSE0                  84 x  178
  rigSimFoodIdleSE1                  84 x  178
  rigSimFoodIdleSE2                  84 x  178
  rigSimFoodIdleSE3                  84 x  178
  rigSimFoodIdleNW0                  84 x  178
  rigSimFoodIdleNW1                  84 x  178
  rigSimFoodIdleNW2                  84 x  178
  rigSimFoodIdleNW3                  84 x  178
  rigSimFoodIdleSW0                  84 x  178
  rigSimFoodIdleSW1                  84 x  178
  rigSimFoodIdleSW2                  84 x  178
  rigSimFoodIdleSW3                  84 x  178
  rigSimFoodIdleNE0                  84 x  178
  rigSimFoodIdleNE1                  84 x  178
  rigSimFoodIdleNE2                  84 x  178
  rigSimFoodIdleNE3                  84 x  178
  rigSimSeatedEatSE0                128 x  172
  rigSimSeatedEatSE1                128 x  172
  rigSimSeatedEatSE2                128 x  172
  rigSimSeatedEatSE3                128 x  172
  rigSimSeatedEatSE4                128 x  172
  rigSimSeatedEatSE5                128 x  172
  rigSimSeatedEatSE6                128 x  172
  rigSimSeatedEatSE7                128 x  172
  rigSimSeatedEatNW0                128 x  172
  rigSimSeatedEatNW1                128 x  172
  rigSimSeatedEatNW2                128 x  172
  rigSimSeatedEatNW3                128 x  172
  rigSimSeatedEatNW4                128 x  172
  rigSimSeatedEatNW5                128 x  172
  rigSimSeatedEatNW6                128 x  172
  rigSimSeatedEatNW7                128 x  172
  rigSimSeatedEatSW0                128 x  172
  rigSimSeatedEatSW1                128 x  172
  rigSimSeatedEatSW2                128 x  172
  rigSimSeatedEatSW3                128 x  172
  rigSimSeatedEatSW4                128 x  172
  rigSimSeatedEatSW5                128 x  172
  rigSimSeatedEatSW6                128 x  172
  rigSimSeatedEatSW7                128 x  172
  rigSimSeatedEatNE0                128 x  172
  rigSimSeatedEatNE1                128 x  172
  rigSimSeatedEatNE2                128 x  172
  rigSimSeatedEatNE3                128 x  172
  rigSimSeatedEatNE4                128 x  172
  rigSimSeatedEatNE5                128 x  172
  rigSimSeatedEatNE6                128 x  172
  rigSimSeatedEatNE7                128 x  172
  rigSimCookV2SE0                   148 x  178
  rigSimCookV2SE1                   148 x  178
  rigSimCookV2SE2                   148 x  178
  rigSimCookV2SE3                   148 x  178
  rigSimCookV2SE4                   148 x  178
  rigSimCookV2SE5                   148 x  178
  rigSimCookV2SE6                   148 x  178
  rigSimCookV2SE7                   148 x  178
  rigSimCookV2NW0                   148 x  178
  rigSimCookV2NW1                   148 x  178
  rigSimCookV2NW2                   148 x  178
  rigSimCookV2NW3                   148 x  178
  rigSimCookV2NW4                   148 x  178
  rigSimCookV2NW5                   148 x  178
  rigSimCookV2NW6                   148 x  178
  rigSimCookV2NW7                   148 x  178
  rigSimCookV2SW0                   148 x  178
  rigSimCookV2SW1                   148 x  178
  rigSimCookV2SW2                   148 x  178
  rigSimCookV2SW3                   148 x  178
  rigSimCookV2SW4                   148 x  178
  rigSimCookV2SW5                   148 x  178
  rigSimCookV2SW6                   148 x  178
  rigSimCookV2SW7                   148 x  178
  rigSimCookV2NE0                   148 x  178
  rigSimCookV2NE1                   148 x  178
  rigSimCookV2NE2                   148 x  178
  rigSimCookV2NE3                   148 x  178
  rigSimCookV2NE4                   148 x  178
  rigSimCookV2NE5                   148 x  178
  rigSimCookV2NE6                   148 x  178
  rigSimCookV2NE7                   148 x  178
  rigSimBlueFoodWalkSE0              88 x  188
  rigSimBlueFoodWalkSE1              88 x  188
  rigSimBlueFoodWalkSE2              88 x  188
  rigSimBlueFoodWalkSE3              88 x  188
  rigSimBlueFoodWalkSE4              88 x  188
  rigSimBlueFoodWalkSE5              88 x  188
  rigSimBlueFoodWalkSE6              88 x  188
  rigSimBlueFoodWalkSE7              88 x  188
  rigSimBlueFoodWalkNW0              88 x  188
  rigSimBlueFoodWalkNW1              88 x  188
  rigSimBlueFoodWalkNW2              88 x  188
  rigSimBlueFoodWalkNW3              88 x  188
  rigSimBlueFoodWalkNW4              88 x  188
  rigSimBlueFoodWalkNW5              88 x  188
  rigSimBlueFoodWalkNW6              88 x  188
  rigSimBlueFoodWalkNW7              88 x  188
  rigSimBlueFoodWalkSW0              88 x  188
  rigSimBlueFoodWalkSW1              88 x  188
  rigSimBlueFoodWalkSW2              88 x  188
  rigSimBlueFoodWalkSW3              88 x  188
  rigSimBlueFoodWalkSW4              88 x  188
  rigSimBlueFoodWalkSW5              88 x  188
  rigSimBlueFoodWalkSW6              88 x  188
  rigSimBlueFoodWalkSW7              88 x  188
  rigSimBlueFoodWalkNE0              88 x  188
  rigSimBlueFoodWalkNE1              88 x  188
  rigSimBlueFoodWalkNE2              88 x  188
  rigSimBlueFoodWalkNE3              88 x  188
  rigSimBlueFoodWalkNE4              88 x  188
  rigSimBlueFoodWalkNE5              88 x  188
  rigSimBlueFoodWalkNE6              88 x  188
  rigSimBlueFoodWalkNE7              88 x  188
  rigSimBlueFoodIdleSE0              84 x  178
  rigSimBlueFoodIdleSE1              84 x  178
  rigSimBlueFoodIdleSE2              84 x  178
  rigSimBlueFoodIdleSE3              84 x  178
  rigSimBlueFoodIdleNW0              84 x  178
  rigSimBlueFoodIdleNW1              84 x  178
  rigSimBlueFoodIdleNW2              84 x  178
  rigSimBlueFoodIdleNW3              84 x  178
  rigSimBlueFoodIdleSW0              84 x  178
  rigSimBlueFoodIdleSW1              84 x  178
  rigSimBlueFoodIdleSW2              84 x  178
  rigSimBlueFoodIdleSW3              84 x  178
  rigSimBlueFoodIdleNE0              84 x  178
  rigSimBlueFoodIdleNE1              84 x  178
  rigSimBlueFoodIdleNE2              84 x  178
  rigSimBlueFoodIdleNE3              84 x  178
  rigSimBlueSeatedEatSE0            128 x  172
  rigSimBlueSeatedEatSE1            128 x  172
  rigSimBlueSeatedEatSE2            128 x  172
  rigSimBlueSeatedEatSE3            128 x  172
  rigSimBlueSeatedEatSE4            128 x  172
  rigSimBlueSeatedEatSE5            128 x  172
  rigSimBlueSeatedEatSE6            128 x  172
  rigSimBlueSeatedEatSE7            128 x  172
  rigSimBlueSeatedEatNW0            128 x  172
  rigSimBlueSeatedEatNW1            128 x  172
  rigSimBlueSeatedEatNW2            128 x  172
  rigSimBlueSeatedEatNW3            128 x  172
  rigSimBlueSeatedEatNW4            128 x  172
  rigSimBlueSeatedEatNW5            128 x  172
  rigSimBlueSeatedEatNW6            128 x  172
  rigSimBlueSeatedEatNW7            128 x  172
  rigSimBlueSeatedEatSW0            128 x  172
  rigSimBlueSeatedEatSW1            128 x  172
  rigSimBlueSeatedEatSW2            128 x  172
  rigSimBlueSeatedEatSW3            128 x  172
  rigSimBlueSeatedEatSW4            128 x  172
  rigSimBlueSeatedEatSW5            128 x  172
  rigSimBlueSeatedEatSW6            128 x  172
  rigSimBlueSeatedEatSW7            128 x  172
  rigSimBlueSeatedEatNE0            128 x  172
  rigSimBlueSeatedEatNE1            128 x  172
  rigSimBlueSeatedEatNE2            128 x  172
  rigSimBlueSeatedEatNE3            128 x  172
  rigSimBlueSeatedEatNE4            128 x  172
  rigSimBlueSeatedEatNE5            128 x  172
  rigSimBlueSeatedEatNE6            128 x  172
  rigSimBlueSeatedEatNE7            128 x  172
  rigSimBlueCookV2SE0               148 x  178
  rigSimBlueCookV2SE1               148 x  178
  rigSimBlueCookV2SE2               148 x  178
  rigSimBlueCookV2SE3               148 x  178
  rigSimBlueCookV2SE4               148 x  178
  rigSimBlueCookV2SE5               148 x  178
  rigSimBlueCookV2SE6               148 x  178
  rigSimBlueCookV2SE7               148 x  178
  rigSimBlueCookV2NW0               148 x  178
  rigSimBlueCookV2NW1               148 x  178
  rigSimBlueCookV2NW2               148 x  178
  rigSimBlueCookV2NW3               148 x  178
  rigSimBlueCookV2NW4               148 x  178
  rigSimBlueCookV2NW5               148 x  178
  rigSimBlueCookV2NW6               148 x  178
  rigSimBlueCookV2NW7               148 x  178
  rigSimBlueCookV2SW0               148 x  178
  rigSimBlueCookV2SW1               148 x  178
  rigSimBlueCookV2SW2               148 x  178
  rigSimBlueCookV2SW3               148 x  178
  rigSimBlueCookV2SW4               148 x  178
  rigSimBlueCookV2SW5               148 x  178
  rigSimBlueCookV2SW6               148 x  178
  rigSimBlueCookV2SW7               148 x  178
  rigSimBlueCookV2NE0               148 x  178
  rigSimBlueCookV2NE1               148 x  178
  rigSimBlueCookV2NE2               148 x  178
  rigSimBlueCookV2NE3               148 x  178
  rigSimBlueCookV2NE4               148 x  178
  rigSimBlueCookV2NE5               148 x  178
  rigSimBlueCookV2NE6               148 x  178
  rigSimBlueCookV2NE7               148 x  178
  rigSimRedFoodWalkSE0               88 x  188
  rigSimRedFoodWalkSE1               88 x  188
  rigSimRedFoodWalkSE2               88 x  188
  rigSimRedFoodWalkSE3               88 x  188
  rigSimRedFoodWalkSE4               88 x  188
  rigSimRedFoodWalkSE5               88 x  188
  rigSimRedFoodWalkSE6               88 x  188
  rigSimRedFoodWalkSE7               88 x  188
  rigSimRedFoodWalkNW0               88 x  188
  rigSimRedFoodWalkNW1               88 x  188
  rigSimRedFoodWalkNW2               88 x  188
  rigSimRedFoodWalkNW3               88 x  188
  rigSimRedFoodWalkNW4               88 x  188
  rigSimRedFoodWalkNW5               88 x  188
  rigSimRedFoodWalkNW6               88 x  188
  rigSimRedFoodWalkNW7               88 x  188
  rigSimRedFoodWalkSW0               88 x  188
  rigSimRedFoodWalkSW1               88 x  188
  rigSimRedFoodWalkSW2               88 x  188
  rigSimRedFoodWalkSW3               88 x  188
  rigSimRedFoodWalkSW4               88 x  188
  rigSimRedFoodWalkSW5               88 x  188
  rigSimRedFoodWalkSW6               88 x  188
  rigSimRedFoodWalkSW7               88 x  188
  rigSimRedFoodWalkNE0               88 x  188
  rigSimRedFoodWalkNE1               88 x  188
  rigSimRedFoodWalkNE2               88 x  188
  rigSimRedFoodWalkNE3               88 x  188
  rigSimRedFoodWalkNE4               88 x  188
  rigSimRedFoodWalkNE5               88 x  188
  rigSimRedFoodWalkNE6               88 x  188
  rigSimRedFoodWalkNE7               88 x  188
  rigSimRedFoodIdleSE0               84 x  178
  rigSimRedFoodIdleSE1               84 x  178
  rigSimRedFoodIdleSE2               84 x  178
  rigSimRedFoodIdleSE3               84 x  178
  rigSimRedFoodIdleNW0               84 x  178
  rigSimRedFoodIdleNW1               84 x  178
  rigSimRedFoodIdleNW2               84 x  178
  rigSimRedFoodIdleNW3               84 x  178
  rigSimRedFoodIdleSW0               84 x  178
  rigSimRedFoodIdleSW1               84 x  178
  rigSimRedFoodIdleSW2               84 x  178
  rigSimRedFoodIdleSW3               84 x  178
  rigSimRedFoodIdleNE0               84 x  178
  rigSimRedFoodIdleNE1               84 x  178
  rigSimRedFoodIdleNE2               84 x  178
  rigSimRedFoodIdleNE3               84 x  178
  rigSimRedSeatedEatSE0             128 x  172
  rigSimRedSeatedEatSE1             128 x  172
  rigSimRedSeatedEatSE2             128 x  172
  rigSimRedSeatedEatSE3             128 x  172
  rigSimRedSeatedEatSE4             128 x  172
  rigSimRedSeatedEatSE5             128 x  172
  rigSimRedSeatedEatSE6             128 x  172
  rigSimRedSeatedEatSE7             128 x  172
  rigSimRedSeatedEatNW0             128 x  172
  rigSimRedSeatedEatNW1             128 x  172
  rigSimRedSeatedEatNW2             128 x  172
  rigSimRedSeatedEatNW3             128 x  172
  rigSimRedSeatedEatNW4             128 x  172
  rigSimRedSeatedEatNW5             128 x  172
  rigSimRedSeatedEatNW6             128 x  172
  rigSimRedSeatedEatNW7             128 x  172
  rigSimRedSeatedEatSW0             128 x  172
  rigSimRedSeatedEatSW1             128 x  172
  rigSimRedSeatedEatSW2             128 x  172
  rigSimRedSeatedEatSW3             128 x  172
  rigSimRedSeatedEatSW4             128 x  172
  rigSimRedSeatedEatSW5             128 x  172
  rigSimRedSeatedEatSW6             128 x  172
  rigSimRedSeatedEatSW7             128 x  172
  rigSimRedSeatedEatNE0             128 x  172
  rigSimRedSeatedEatNE1             128 x  172
  rigSimRedSeatedEatNE2             128 x  172
  rigSimRedSeatedEatNE3             128 x  172
  rigSimRedSeatedEatNE4             128 x  172
  rigSimRedSeatedEatNE5             128 x  172
  rigSimRedSeatedEatNE6             128 x  172
  rigSimRedSeatedEatNE7             128 x  172
  rigSimRedCookV2SE0                148 x  178
  rigSimRedCookV2SE1                148 x  178
  rigSimRedCookV2SE2                148 x  178
  rigSimRedCookV2SE3                148 x  178
  rigSimRedCookV2SE4                148 x  178
  rigSimRedCookV2SE5                148 x  178
  rigSimRedCookV2SE6                148 x  178
  rigSimRedCookV2SE7                148 x  178
  rigSimRedCookV2NW0                148 x  178
  rigSimRedCookV2NW1                148 x  178
  rigSimRedCookV2NW2                148 x  178
  rigSimRedCookV2NW3                148 x  178
  rigSimRedCookV2NW4                148 x  178
  rigSimRedCookV2NW5                148 x  178
  rigSimRedCookV2NW6                148 x  178
  rigSimRedCookV2NW7                148 x  178
  rigSimRedCookV2SW0                148 x  178
  rigSimRedCookV2SW1                148 x  178
  rigSimRedCookV2SW2                148 x  178
  rigSimRedCookV2SW3                148 x  178
  rigSimRedCookV2SW4                148 x  178
  rigSimRedCookV2SW5                148 x  178
  rigSimRedCookV2SW6                148 x  178
  rigSimRedCookV2SW7                148 x  178
  rigSimRedCookV2NE0                148 x  178
  rigSimRedCookV2NE1                148 x  178
  rigSimRedCookV2NE2                148 x  178
  rigSimRedCookV2NE3                148 x  178
  rigSimRedCookV2NE4                148 x  178
  rigSimRedCookV2NE5                148 x  178
  rigSimRedCookV2NE6                148 x  178
  rigSimRedCookV2NE7                148 x  178
  cookingPot                         48 x   48
  cookingPotNW                       48 x   48
  cookingPotSW                       48 x   48
  cookingPotNE                       48 x   48
  occupiedDiningSEGreen0            160 x  224
  occupiedDiningFurniture0          160 x  224
  occupiedDiningOutline1            160 x  224
  occupiedDiningSEGreen1            160 x  224
  occupiedDiningFurniture2          160 x  224
  occupiedDiningOutline3            160 x  224
  occupiedDiningSEGreen2            160 x  224
  occupiedDiningFurniture4          160 x  224
  occupiedDiningOutline5            160 x  224
  occupiedDiningSEGreen3            160 x  224
  occupiedDiningFurniture6          160 x  224
  occupiedDiningOutline7            160 x  224
  occupiedDiningSEGreen4            160 x  224
  occupiedDiningFurniture8          160 x  224
  occupiedDiningOutline9            160 x  224
  occupiedDiningSEGreen5            160 x  224
  occupiedDiningFurniture10         160 x  224
  occupiedDiningOutline11           160 x  224
  occupiedDiningSEGreen6            160 x  224
  occupiedDiningFurniture12         160 x  224
  occupiedDiningOutline13           160 x  224
  occupiedDiningSEGreen7            160 x  224
  occupiedDiningFurniture14         160 x  224
  occupiedDiningOutline15           160 x  224
  occupiedDiningSEBlue0             160 x  224
  occupiedDiningSEBlue1             160 x  224
  occupiedDiningSEBlue2             160 x  224
  occupiedDiningSEBlue3             160 x  224
  occupiedDiningSEBlue4             160 x  224
  occupiedDiningSEBlue5             160 x  224
  occupiedDiningSEBlue6             160 x  224
  occupiedDiningSEBlue7             160 x  224
  occupiedDiningSERed0              160 x  224
  occupiedDiningSERed1              160 x  224
  occupiedDiningSERed2              160 x  224
  occupiedDiningSERed3              160 x  224
  occupiedDiningSERed4              160 x  224
  occupiedDiningSERed5              160 x  224
  occupiedDiningSERed6              160 x  224
  occupiedDiningSERed7              160 x  224
  occupiedDiningSWGreen0            160 x  224
  occupiedDiningFurniture16         160 x  224
  occupiedDiningOutline17           160 x  224
  occupiedDiningSWGreen1            160 x  224
  occupiedDiningFurniture18         160 x  224
  occupiedDiningOutline19           160 x  224
  occupiedDiningSWGreen2            160 x  224
  occupiedDiningFurniture20         160 x  224
  occupiedDiningOutline21           160 x  224
  occupiedDiningSWGreen3            160 x  224
  occupiedDiningFurniture22         160 x  224
  occupiedDiningOutline23           160 x  224
  occupiedDiningSWGreen4            160 x  224
  occupiedDiningFurniture24         160 x  224
  occupiedDiningOutline25           160 x  224
  occupiedDiningSWGreen5            160 x  224
  occupiedDiningFurniture26         160 x  224
  occupiedDiningOutline27           160 x  224
  occupiedDiningSWGreen6            160 x  224
  occupiedDiningFurniture28         160 x  224
  occupiedDiningOutline29           160 x  224
  occupiedDiningSWGreen7            160 x  224
  occupiedDiningFurniture30         160 x  224
  occupiedDiningOutline31           160 x  224
  occupiedDiningSWBlue0             160 x  224
  occupiedDiningSWBlue1             160 x  224
  occupiedDiningSWBlue2             160 x  224
  occupiedDiningSWBlue3             160 x  224
  occupiedDiningSWBlue4             160 x  224
  occupiedDiningSWBlue5             160 x  224
  occupiedDiningSWBlue6             160 x  224
  occupiedDiningSWBlue7             160 x  224
  occupiedDiningSWRed0              160 x  224
  occupiedDiningSWRed1              160 x  224
  occupiedDiningSWRed2              160 x  224
  occupiedDiningSWRed3              160 x  224
  occupiedDiningSWRed4              160 x  224
  occupiedDiningSWRed5              160 x  224
  occupiedDiningSWRed6              160 x  224
  occupiedDiningSWRed7              160 x  224
  occupiedDiningNWGreen0            160 x  224
  occupiedDiningFurniture32         160 x  224
  occupiedDiningOutline33           160 x  224
  occupiedDiningNWGreen1            160 x  224
  occupiedDiningFurniture34         160 x  224
  occupiedDiningOutline35           160 x  224
  occupiedDiningNWGreen2            160 x  224
  occupiedDiningFurniture36         160 x  224
  occupiedDiningOutline37           160 x  224
  occupiedDiningNWGreen3            160 x  224
  occupiedDiningFurniture38         160 x  224
  occupiedDiningOutline39           160 x  224
  occupiedDiningNWGreen4            160 x  224
  occupiedDiningFurniture40         160 x  224
  occupiedDiningOutline41           160 x  224
  occupiedDiningNWGreen5            160 x  224
  occupiedDiningFurniture42         160 x  224
  occupiedDiningOutline43           160 x  224
  occupiedDiningNWGreen6            160 x  224
  occupiedDiningFurniture44         160 x  224
  occupiedDiningOutline45           160 x  224
  occupiedDiningNWGreen7            160 x  224
  occupiedDiningFurniture46         160 x  224
  occupiedDiningOutline47           160 x  224
  occupiedDiningNWBlue0             160 x  224
  occupiedDiningNWBlue1             160 x  224
  occupiedDiningNWBlue2             160 x  224
  occupiedDiningNWBlue3             160 x  224
  occupiedDiningNWBlue4             160 x  224
  occupiedDiningNWBlue5             160 x  224
  occupiedDiningNWBlue6             160 x  224
  occupiedDiningNWBlue7             160 x  224
  occupiedDiningNWRed0              160 x  224
  occupiedDiningNWRed1              160 x  224
  occupiedDiningNWRed2              160 x  224
  occupiedDiningNWRed3              160 x  224
  occupiedDiningNWRed4              160 x  224
  occupiedDiningNWRed5              160 x  224
  occupiedDiningNWRed6              160 x  224
  occupiedDiningNWRed7              160 x  224
  occupiedDiningNEGreen0            160 x  224
  occupiedDiningFurniture48         160 x  224
  occupiedDiningOutline49           160 x  224
  occupiedDiningNEGreen1            160 x  224
  occupiedDiningFurniture50         160 x  224
  occupiedDiningOutline51           160 x  224
  occupiedDiningNEGreen2            160 x  224
  occupiedDiningFurniture52         160 x  224
  occupiedDiningOutline53           160 x  224
  occupiedDiningNEGreen3            160 x  224
  occupiedDiningFurniture54         160 x  224
  occupiedDiningOutline55           160 x  224
  occupiedDiningNEGreen4            160 x  224
  occupiedDiningFurniture56         160 x  224
  occupiedDiningOutline57           160 x  224
  occupiedDiningNEGreen5            160 x  224
  occupiedDiningFurniture58         160 x  224
  occupiedDiningOutline59           160 x  224
  occupiedDiningNEGreen6            160 x  224
  occupiedDiningFurniture60         160 x  224
  occupiedDiningOutline61           160 x  224
  occupiedDiningNEGreen7            160 x  224
  occupiedDiningFurniture62         160 x  224
  occupiedDiningOutline63           160 x  224
  occupiedDiningNEBlue0             160 x  224
  occupiedDiningNEBlue1             160 x  224
  occupiedDiningNEBlue2             160 x  224
  occupiedDiningNEBlue3             160 x  224
  occupiedDiningNEBlue4             160 x  224
  occupiedDiningNEBlue5             160 x  224
  occupiedDiningNEBlue6             160 x  224
  occupiedDiningNEBlue7             160 x  224
  occupiedDiningNERed0              160 x  224
  occupiedDiningNERed1              160 x  224
  occupiedDiningNERed2              160 x  224
  occupiedDiningNERed3              160 x  224
  occupiedDiningNERed4              160 x  224
  occupiedDiningNERed5              160 x  224
  occupiedDiningNERed6              160 x  224
  occupiedDiningNERed7              160 x  224
  occupiedDiningMeal0                67 x   48
  occupiedDiningMeal1                60 x   48
  occupiedDiningMeal2                54 x   48
  occupiedDiningMeal3                52 x   49
  occupiedDiningMeal4                52 x   57
  occupiedDiningMeal5                52 x   50
  occupiedDiningMeal6                54 x   48
  occupiedDiningMeal7                60 x   48
  occupiedDiningMeal8                69 x   43
  occupiedDiningMeal9                69 x   39
  occupiedDiningMeal10               69 x   39
  occupiedDiningMeal11               69 x   47
  occupiedDiningMeal12               69 x   47
  occupiedDiningMeal13               69 x   48
  occupiedDiningMeal14               69 x   39
  occupiedDiningMeal15               69 x   39
  occupiedDiningMeal16               67 x   43
  occupiedDiningMeal17               60 x   44
  occupiedDiningMeal18               28 x   63
  occupiedDiningMeal19               28 x   72
  occupiedDiningMeal20               28 x   74
  occupiedDiningMeal21               28 x   76
  occupiedDiningMeal22               28 x   65
  occupiedDiningMeal23               60 x   44
  occupiedDiningMeal24               69 x   45
  occupiedDiningMeal25               69 x   43
  occupiedDiningMeal26               69 x   62
  occupiedDiningMeal27               69 x   65
  occupiedDiningMeal28               69 x   66
  occupiedDiningMeal29               69 x   66
  occupiedDiningMeal30               69 x   63
  occupiedDiningMeal31               69 x   43
  offlineAquarium                   192 x  240
  offlineAquariumNW                 192 x  240
  offlineAquariumSW                 192 x  240
  offlineAquariumNE                 192 x  240
  offlineAquariumFrame1             192 x  240
  offlineAquariumFrame1NW           192 x  240
  offlineAquariumFrame1SW           192 x  240
  offlineAquariumFrame1NE           192 x  240
  coveredBunkLayer_00e1a907e8c4ba7a02260d9ab2ddf79e2746d8046b6d2fa1e8944d181d9d6e1c_188_262_full  188 x  262
  coveredBunkLayer_14bcb4c605bc3def628b7fdb7aea5b9ddd3ad5c0b57923bad40077c9d3a46ba1_43_37_111_114_154_151   43 x   37
  coveredBunkLayer_2c97bd454586d40329a57b0bd27ba6567f28b43e4bc295edcbf51a2006bc74c3_72_32_83_157_155_189   72 x   32
  coveredBunkLayer_2cb60a0380a5661b3baa6d205518f49d9c88da785555353c80545cd4505555ed_188_262_full  188 x  262
  coveredBunkLayer_33c91062b0bd6252d5fd2d2249fc04006c602c0398107c604f93d3b6004a8a20_43_37_111_114_154_151   43 x   37
  coveredBunkLayer_46495b21686de96fe279c4b43e4cc0a14846fa265caa9300c822dcced781d02b_70_31_35_158_105_189   70 x   31
  coveredBunkLayer_4a3e76357d74ec95b0550598ffb2b3c0e33c6cee5b1f9b5824c8bb92b0e83bea_72_32_83_157_155_189   72 x   32
  coveredBunkLayer_5119e3e2fd9f9fc6993a939408942fe1f198907eeb3d2ce4b7d687a8dfb5f5bd_188_262_full  188 x  262
  coveredBunkLayer_64cfa0ab48909503f35d68d4dfd9ee14474976490ddba6ab3575489ab395969d_44_38_33_113_77_151   44 x   38
  coveredBunkLayer_815551374333e5e9cbbf5276a50f6efdda4f49b5b1c72f26297f9612fc48cae7_188_262_full  188 x  262
  coveredBunkLayer_88fe331aded70cde54c333177d2c757136412de6016f13f0f628facd5ded78f6_70_31_35_158_105_189   70 x   31
  coveredBunkLayer_b2b8c8060851964a727fb03270b979e065bf113f9cdfb186c3012c54ee72fed1_188_262_full  188 x  262
  coveredBunkLayer_b9b3a9a41a7b4de41894ee7fbc2203f3956e9b3f1e9f947b9cb6c44a69a21bf9_188_262_full  188 x  262
  coveredBunkLayer_c53a4c45fc0bbccc32f1f6e6f00159776d032cf3c9655a412e462d576fe30e43_188_262_full  188 x  262
  coveredBunkLayer_cf3dd355989fe7f9a14d91a4f549dd58815a33badfb0a0e92147e3c1efb96cf2_43_37_111_114_154_151   43 x   37
  coveredBunkLayer_e904486d54e8c406be59a0de7210e70407da351c6281bf7b63d135dd432e9dbf_188_262_full  188 x  262
  coveredBunkLayer_f90b48c2eb6a5e5b6e07b4e7ac4d1a626a9ca32b562cd1ba2da0a2f1a2b5f248_70_31_35_158_105_189   70 x   31
  coveredBunkLayer_ff5a1ceadfdac087f56b3e3ac3fdd155311e9596b89ba32b4e4f8164f2e83805_72_32_83_157_155_189   72 x   32
  coveredBunkScene_NE_12            188 x  262
  coveredBunkScene_NE_9             188 x  262
  coveredBunkScene_NE_15            188 x  262
  coveredBunkScene_NW_12            188 x  262
  coveredBunkScene_NW_9             188 x  262
  coveredBunkScene_NW_15            188 x  262
  coveredBunkScene_SE_12            188 x  262
  coveredBunkScene_SE_9             188 x  262
  coveredBunkScene_SE_15            188 x  262
  coveredBunkScene_SW_12            188 x  262
  coveredBunkScene_SW_9             188 x  262
  coveredBunkScene_SW_15            188 x  262
  offlineAquariumSwim0              192 x  240
  offlineAquariumSwim0NW            192 x  240
  offlineAquariumSwim0SW            192 x  240
  offlineAquariumSwim0NE            192 x  240
  offlineAquariumSwim1              192 x  240
  offlineAquariumSwim1NW            192 x  240
  offlineAquariumSwim1SW            192 x  240
  offlineAquariumSwim1NE            192 x  240
  offlineAquariumSwim2              192 x  240
  offlineAquariumSwim2NW            192 x  240
  offlineAquariumSwim2SW            192 x  240
  offlineAquariumSwim2NE            192 x  240
  offlineAquariumSwim3              192 x  240
  offlineAquariumSwim3NW            192 x  240
  offlineAquariumSwim3SW            192 x  240
  offlineAquariumSwim3NE            192 x  240
  offlineAquariumSwim4              192 x  240
  offlineAquariumSwim4NW            192 x  240
  offlineAquariumSwim4SW            192 x  240
  offlineAquariumSwim4NE            192 x  240
  offlineAquariumSwim5              192 x  240
  offlineAquariumSwim5NW            192 x  240
  offlineAquariumSwim5SW            192 x  240
  offlineAquariumSwim5NE            192 x  240
  offlineAquariumSwim6              192 x  240
  offlineAquariumSwim6NW            192 x  240
  offlineAquariumSwim6SW            192 x  240
  offlineAquariumSwim6NE            192 x  240
  offlineAquariumSwim7              192 x  240
  offlineAquariumSwim7NW            192 x  240
  offlineAquariumSwim7SW            192 x  240
  offlineAquariumSwim7NE            192 x  240
  neutralSeatLayer_192x240-00c6606d2bc98fcd5f41498aa5f275a986961806fcd57679dc4612d0bfe318c9  192 x  240
  neutralSeatLayer_192x240-0208ec45874547c4cb9f54922771700dbbee8043c4934d3076753c53b0d5f5ec  192 x  240
  neutralSeatLayer_192x240-02b8824866a82fea30454817726b062020b4ae17eff892b14c84f56ab3220712  192 x  240
  neutralSeatLayer_192x240-03fc9a677f526251e3e9b7ab745a8ba15eabd801e00c6805494ec0ed459fe075  192 x  240
  neutralSeatLayer_192x240-050dc5ce517463b6f055b272d618c8f45cb50ccd21a9d23d01e021644a51adf7  192 x  240
  neutralSeatLayer_192x240-059401e0e970c48752b895d454c9b098586a53d8c9f8e6df8e3a71b09d81ae50  192 x  240
  neutralSeatLayer_192x240-07a8e50b4d3b8e3142686159459de3379df556a843dc2716e2de404e70591ba4  192 x  240
  neutralSeatLayer_192x240-08dbce7a3ea3ac059046c77a010103cce3e9c5b64527a38cc6a6626880ac5ec8  192 x  240
  neutralSeatLayer_192x240-090dddc92d6ef4f3617378e4882d8bef3c271f8d330a5c414be96fa3fa58fd1a  192 x  240
  neutralSeatLayer_192x240-09d3edb1661f534a681ac29b2669804f876101469ea1fae8995f3e7f33405966  192 x  240
  neutralSeatLayer_192x240-0a0a793a1c256a97b19e3324b362bbc94c59f2d19ec9e9699d515a9e025cfba6  192 x  240
  neutralSeatLayer_192x240-0a33504a6a2f24a26be4375411a93e9996fc1df70f372599dbc290d5b60761b3  192 x  240
  neutralSeatLayer_192x240-0bf0980207085828e3085a1d946d40475a81a0e5618caa4f4b68fdae4d084492  192 x  240
  neutralSeatLayer_192x240-0d22c65b00b172230b4d1eb6bed4b93fb6ad6eea3a8174caa8ff23c9e3b02d46  192 x  240
  neutralSeatLayer_192x240-0f48fb2aa82937ac942b88344e18008fda3e8b25c4f110f646e86b908aaf2e40  192 x  240
  neutralSeatLayer_192x240-0fc077114e5a276a810e3ec51e97ec209ca58d3f7a9ad450e0d3828db3dd4734  192 x  240
  neutralSeatLayer_192x240-1161a750ebec941f44dc071283857733d9235176df12ed6f6d7e9395b3dcd5e2  192 x  240
  neutralSeatLayer_192x240-129ae9654b85a3a2a44a7533e57350333a788ceb1152f5bc11fe89c6c05b40f4  192 x  240
  neutralSeatLayer_192x240-1366436c0a7bd71f624004d4d2c382215b20d7204196f53383cc454ae7a05d4f  192 x  240
  neutralSeatLayer_192x240-15d25f1aaaf5911459f5743d2fdd3dc94fab7f53b566cbd93b7d82ffaa2f93fb  192 x  240
  neutralSeatLayer_192x240-1724e19eb529ef3df7eb45e5c9689ca28c61da7591f122f32243387eed36665f  192 x  240
  neutralSeatLayer_192x240-1726ab0932f941f91fc951f37936080cc8c9abec49516377a2282d25784a4679  192 x  240
  neutralSeatLayer_192x240-18270963d325c097a5935a6052c57d8c5edae8aa2eb4e7a8e7c655621cddd94c  192 x  240
  neutralSeatLayer_192x240-1d4a1e2ddc49ce31f7c8ad26065adbc6fb894229337bf1510c9033696ec5ad76  192 x  240
  neutralSeatLayer_192x240-1ec9f803b8ccdb7c3f41671382d5ae8dbc62e35f9b3d5f6ce20a1579725c8e3b  192 x  240
  neutralSeatLayer_192x240-217415dd7d4ba8898e39ca68d15892d237fc2570ba3d233ee658d4376b7b741c  192 x  240
  neutralSeatLayer_192x240-21b52588818742949ee916863e7c39b5c978f6945b96b41aa14c740e480d35ab  192 x  240
  neutralSeatLayer_192x240-23cc31e35267e756acfb19789e60b8117da2e6a451c2ee23e95207dd67d204a6  192 x  240
  neutralSeatLayer_192x240-25c9249cad15d7e30ae1df543e7fa206365848ca8e45f0c42824ff675851aa9b  192 x  240
  neutralSeatLayer_192x240-25f66e835475a8fa706dcec21bce43350174598720bcc9b6f12dbc2edc6af1a7  192 x  240
  neutralSeatLayer_192x240-2659133b158fb7a58966e5a2c0613b233fa35a62314fcab7716b365793c3b6fe  192 x  240
  neutralSeatLayer_192x240-265d86048817e2587587bc730744e8c01d286f817b2d86531d77dfb21ea7f79b  192 x  240
  neutralSeatLayer_192x240-26b4d9a7416c1564262352d1b8be011bb824ce096baa9d871b85f25430b8d91b  192 x  240
  neutralSeatLayer_192x240-282ef3636bdc43b25b0645cf5ed0dfa25c40edbb300dc9405f200f83a9eb948d  192 x  240
  neutralSeatLayer_192x240-2c43ff6e79c5e1b8c0cb7c9272b9e8aa6c665b50548915eb4f692e5be87df53d  192 x  240
  neutralSeatLayer_192x240-2e9970a89f3d1bcc0e84e34f9ec88b40e2d05264eca7b01fe8ffa123f0c4bdd0  192 x  240
  neutralSeatLayer_192x240-312db35b92e817cb4963384ffa0bea8806a16562a7d6411f79db1c9a2fbc853a  192 x  240
  neutralSeatLayer_192x240-313ea98f0477b36a136e0afafb944845f9c32b10f4b6aa3d487156b1169a401b  192 x  240
  neutralSeatLayer_192x240-3159909e1698bb32d15213c712aa699e356620aea8fbd8b045be6bea3bb31c21  192 x  240
  neutralSeatLayer_192x240-315fe8e4e4973ed8d0a6a68cf024bc2010e31751c9f9174adddcfb1c8ba89c9d  192 x  240
  neutralSeatLayer_192x240-3259101bf8f4e50fa0fbf369f8086390a9384c024cd0c85578c3ec87a8eb8235  192 x  240
  neutralSeatLayer_192x240-33ec4a8386fba722c7d74370c5ebe63cb410fd1673903fc99f541e426ddda047  192 x  240
  neutralSeatLayer_192x240-342a13ff7e48fa76f30f821f511c30938db43e60f4a1d9950c395af0b76fa188  192 x  240
  neutralSeatLayer_192x240-344883c85567fee3060e36f8610e371d5c21222066f8f27b6c7f94430778419d  192 x  240
  neutralSeatLayer_192x240-34e814eb8044e1c566ea0f31ff99ef04cfa1632d237764af71b40ca2929bac55  192 x  240
  neutralSeatLayer_192x240-34f201bbb0621fa65aa5532d305e802ed3a381df37c575eb36800d758b0e20df  192 x  240
  neutralSeatLayer_192x240-36010b36b382ac2e5379b472167b75fa05d31877380d117b59f4c78216568ed3  192 x  240
  neutralSeatLayer_192x240-36c41286c5997996464d7fc7fb6ee0b76fadec54b3361f142362a87a4e440a27  192 x  240
  neutralSeatLayer_192x240-390d34204e7dfc360f799aa985cbd6fd24a5474ce15fe7114942986ee534c008  192 x  240
  neutralSeatLayer_192x240-3b1751207dd94f4955fc68a516dae58415ccb166d176f977bd8c8392860f2483  192 x  240
  neutralSeatLayer_192x240-3db4a6872a1a573f33462ab2125ad9ed66c4d42f6929ed03ecc7d0b583564345  192 x  240
  neutralSeatLayer_192x240-3dd74b49cb839540bace167989986d3b8879d8a3dbac03991d471f0a80ff7e36  192 x  240
  neutralSeatLayer_192x240-3e2e358b08d08090257fc1eac3a886f29a963d2ba68617dff335800e73546f14  192 x  240
  neutralSeatLayer_192x240-3e4553c2c74cdfd07e74ae7d191354bfc5b1e5048cf513bc94e6d0d9e9f61e72  192 x  240
  neutralSeatLayer_192x240-3ed32d3a07849b8e4b8b0e9744f57be2b2bde0d5957a1c6d5ab59e6da22fb36d  192 x  240
  neutralSeatLayer_192x240-3f062ea825b70bbc5c28f094321ace75746ab8db4627d72c78bff1395fb2697a  192 x  240
  neutralSeatLayer_192x240-4199178cc770308ebfdec25543aaac46763b3092ecec1682b7dc5a666885faf4  192 x  240
  neutralSeatLayer_192x240-41fcc14a343703ee29f48fb5734db2a8a2eed8e9211b69844918bdb126663e06  192 x  240
  neutralSeatLayer_192x240-441281273dc6bf6d94ae1670c872bfb0abcf3384a9a4ee779c26209ef75fb634  192 x  240
  neutralSeatLayer_192x240-45e534742db36db6b226283250515fa9239c296f0a8e3584f92e7551891573fc  192 x  240
  neutralSeatLayer_192x240-476653db9206d11ce18c97f52dfbea51707dd5af9c71219b613547e08378d6c1  192 x  240
  neutralSeatLayer_192x240-47b0e7350b4165c23435df474e180184f7952facde7d9dacd4c66eaab4e816ea  192 x  240
  neutralSeatLayer_192x240-47f25baa91bfbc874849dd6b3bcf466900917f5ebf1ae492f3fb3916f786c9a2  192 x  240
  neutralSeatLayer_192x240-48376476b707d458797d32e4cb175fd48f51268a48dc1e723fc7c61a624c700f  192 x  240
  neutralSeatLayer_192x240-48f9190e88c6efbf6a631f682fc9221f9b9f9d1ec217954718fe090c72bfbf0d  192 x  240
  neutralSeatLayer_192x240-4b968ab1f9c59ff55a7172ea64eb81f5c6de4d03193c5291db516ae744fc2149  192 x  240
  neutralSeatLayer_192x240-4cb17a03eccdbf3be8866377114ea0f73312598ebd4188a1d76954585905c9fa  192 x  240
  neutralSeatLayer_192x240-4d35680c49429584246607906fc9283d46b275f80ec7f2c4f48ba7763ff9b5aa  192 x  240
  neutralSeatLayer_192x240-4efebce58dbcf00377675d5cfeebc0f34760bf398df0c0e3de8db5bb188a0bfc  192 x  240
  neutralSeatLayer_192x240-503641fb9df763eb108f2a388754306f5eab225c6fb29e8dbf1f77fd10e64573  192 x  240
  neutralSeatLayer_192x240-513016bec0baf1557ce8cc12e999bb01d369c981396b8ede8b9eb29d39fc85ca  192 x  240
  neutralSeatLayer_192x240-52647e9845701afe75079b6e3d43d821a52723b94e2e6395c3aeb9ea2076bf92  192 x  240
  neutralSeatLayer_192x240-535a6d317c248c6ecc22bf9cca763e92bb0370733e8b5222da6a94894576f91b  192 x  240
  neutralSeatLayer_192x240-53a08c8e9bb8c98a8cf216e043bd3fbb2f62fce23e64eb51ca78d57179b1edae  192 x  240
  neutralSeatLayer_192x240-54c8cabde27cc5c0df7d9384b8d7702cb0eb57a6faa51a70d3e4b1bb84467a20  192 x  240
  neutralSeatLayer_192x240-55db23458102ed5910c3dbc7a7ed9b3beba897d11a8519888a7e23fc6dd9b874  192 x  240
  neutralSeatLayer_192x240-57c9442a268aeaa44d7108c74d9a3c52a35cf69d63b4c44f4428ca6e157d2443  192 x  240
  neutralSeatLayer_192x240-586570f642f4937f6b92b7b9a4b47bcd114bfcadad7ee551f224983b842830e4  192 x  240
  neutralSeatLayer_192x240-5b0b871c1d3ae23fbf7539bb6aec88449416f1fd939faaa21201e12756775b8c  192 x  240
  neutralSeatLayer_192x240-5b3e159165a45a3fe49210169a6f8a84e0f1f833cea61b497f5ee580bfc67159  192 x  240
  neutralSeatLayer_192x240-5c7011f70a02b9a33a0c0da9148370ec743db0effb726e8d1cc97728d842b840  192 x  240
  neutralSeatLayer_192x240-5cd7de2cb1107acefbc7e62be414ce5eef984f7cfc6e73fb8c5fe9337de04e46  192 x  240
  neutralSeatLayer_192x240-5d76c6be0f2be27438b3decd759eb22e07a79ec77ae79b351a2984bcde118b6e  192 x  240
  neutralSeatLayer_192x240-5d8fd7dff7831c33d1b48b633d24d20f93202f55283e50541beddb4554a62442  192 x  240
  neutralSeatLayer_192x240-5fb83f61e767f694a6b3a434fab07c0b414e170ff99f9b8bfae80c745a6ce907  192 x  240
  neutralSeatLayer_192x240-6154bb36da8b88dc7fdb4f6776da2e4c85ede17bf38092c1acd46e5f089f97a1  192 x  240
  neutralSeatLayer_192x240-616238a46fd60fd71a8b859294c9532220e41e01ea48a1cee1531bc8f8798dd6  192 x  240
  neutralSeatLayer_192x240-63442d6d997e23c3e4ea9d442afa9398804b618db9ee8065065c35d4cd7363b0  192 x  240
  neutralSeatLayer_192x240-63cfc61ac4d4fb283a67bd60096d6f31ed8e494b64c10be5acf661ca8d321d64  192 x  240
  neutralSeatLayer_192x240-64e9a89541d96528c840982d6f778949bcf15ded46b3786cb492293d26ad422e  192 x  240
  neutralSeatLayer_192x240-6804da1926b49607d4c38c9af535c58f5d0e57390b92ee8b85610d5f4bf2a5d3  192 x  240
  neutralSeatLayer_192x240-68c4d126d315075f55fd650f9ece36562c9a39a1b47cabc5404a0f9a18bd583e  192 x  240
  neutralSeatLayer_192x240-6aa3526e76f6d363bf03dae9fc4a202b54964a48ae149f402436107670b80e9e  192 x  240
  neutralSeatLayer_192x240-6ad6064b90d224d0bb616e086a123f0a6abf473f4c6961a3ea5c081fb3c66eee  192 x  240
  neutralSeatLayer_192x240-6d6879bf0cad158d7c5bba3979ba14d025334a7f9251974aef2c0f37ca43cd74  192 x  240
  neutralSeatLayer_192x240-6df7651bc8a1d9fc3f7eaea7d0f9b0aa56e8730027d55df08439cfcfb08c5d3e  192 x  240
  neutralSeatLayer_192x240-6e11499b24e056a81ecf62821db5ee1168170a331f8f23369906d56dce810f04  192 x  240
  neutralSeatLayer_192x240-6ed591dec3eabfa06e2f8a0cf59a564ece001d92201bd4370ffed8ef48b2f56c  192 x  240
  neutralSeatLayer_192x240-6fc97cde3a0042f9cb30efa1c0d77d55d7bd53186ae9c7838e52903952137f11  192 x  240
  neutralSeatLayer_192x240-710c23de4b8dcd150d6850194cc48fb4f78a4dc9c39e4403c71605b3f7658313  192 x  240
  neutralSeatLayer_192x240-7321b7bccce8f26a2695f5f4060e447bbcea6437e78169d0dca156b060ef0057  192 x  240
  neutralSeatLayer_192x240-735e583421493a874a4159fcf62e0a04f47cfcaeb6989fbd5866f3cf27768e6a  192 x  240
  neutralSeatLayer_192x240-7432a3f24fe86ea1e57e32547ceb8750db4e96204055cd61260d07f789f23515  192 x  240
  neutralSeatLayer_192x240-76568de7b446b3139807306485b6ffdbfdf24c3892cd1f1ac8b6a30a54805acb  192 x  240
  neutralSeatLayer_192x240-77dea7e28c69fdde3fc98f01a3cbc3e6138f11775ca8a25a1393b9d37aafb1bf  192 x  240
  neutralSeatLayer_192x240-78378378ce1109e38057ede2c0e9fb89881560b888a1734a3732190fbe679814  192 x  240
  neutralSeatLayer_192x240-7860913b6c9d802896d55ee1e4f89fa8c1397eb384f2b54340ff6400a0ad86e4  192 x  240
  neutralSeatLayer_192x240-789886994ad91243c66e76fa35bc9ccd2d5bfa6742e7a5f442b49b152a94fe94  192 x  240
  neutralSeatLayer_192x240-78ad2810209f7a63813a6d037cfe398d8bb57f5d24a874adc9e6108997fceb81  192 x  240
  neutralSeatLayer_192x240-78bee3ad4c1771a891f1dde5498b3655cd810d9154bdad49d5d97e5970b8492a  192 x  240
  neutralSeatLayer_192x240-79219e930d936de9db41cc6d61efc735f5007a89f51bae70afb6b17eb57524e6  192 x  240
  neutralSeatLayer_192x240-793e8204e9d464825de659cad26feb0286cc1a879da4838c4407ca8f6d675f89  192 x  240
  neutralSeatLayer_192x240-7955dfb266a6300fd5f19c11fdce28b393c47f4890fd05c9dc2abb2b09cce655  192 x  240
  neutralSeatLayer_192x240-7a8e2ed6cbfe61333e86281af6e3cd5b75db413653c1056a06bf11abcb74b6b2  192 x  240
  neutralSeatLayer_192x240-7bfa01c73077658af7b8c3f0d21129ddb46765be3bd33793cb671ac5331f9978  192 x  240
  neutralSeatLayer_192x240-7d17e7a7cb25f2409425bc714939cdcd3fba1526dc0c7d14e8ac13dcaf872767  192 x  240
  neutralSeatLayer_192x240-7d830614ccc1649e41c0a47a1d2b0b607da631ff58919e7f7a5f255cd1db4684  192 x  240
  neutralSeatLayer_192x240-7e677491ee4c9d14c8bd8961dc4bf5bcdcc040aad1d19d35d2485a009c0480f3  192 x  240
  neutralSeatLayer_192x240-7ec11e169d928bdcd5aa705ccd996899e5d749a059034930441ba66fde2439fa  192 x  240
  neutralSeatLayer_192x240-7fdbd030647fc25a94c33338bf5f999277ddf46e38e6f78af7a1d3eace0b6c50  192 x  240
  neutralSeatLayer_192x240-8006d4e1df1efb77261e7be0002d48f6716256df8eb7338ca71e500243f38c57  192 x  240
  neutralSeatLayer_192x240-8149d3aa0224dde0c260774366d3c51c75f4ef8343e9db9ca8b05897a80ac867  192 x  240
  neutralSeatLayer_192x240-850e7d809ddd953f4bda30e69cc96a3db997a21d251bae0d6cfc35d646918cc4  192 x  240
  neutralSeatLayer_192x240-894c452352fcf2f1b8b3d1fa5b4545c0bb85f98f9777719ade4d8ebc63b9315a  192 x  240
  neutralSeatLayer_192x240-8a0dca2b2a7519d94e81a73e8840a4cf84af6c2ba039d35264712e1bbaf5a883  192 x  240
  neutralSeatLayer_192x240-8bc055777deedcb2f06f23bbc70d4f884a8da6cd97f64d6bb919db6defb51724  192 x  240
  neutralSeatLayer_192x240-8c234ccbbec7a65af7ef0df98723fc6649a9830e5acd28ef389efab0508e8794  192 x  240
  neutralSeatLayer_192x240-8d28237410399cebdffb13f1461e958fb9e24e9d466b92e93f3cc67a7c8a4490  192 x  240
  neutralSeatLayer_192x240-8df2833666bdd3bab9f8b3dc0a43427df2e50a0973364d89658cfd885c6754c3  192 x  240
  neutralSeatLayer_192x240-8df2e029084b81642e8d4dd05bba7f9553f8ec27618baba90587d8a931199b46  192 x  240
  neutralSeatLayer_192x240-924a9c5d009442d7e060d063c56b47a0029ae6f05bbb9e2479ef4f5f1202f7bc  192 x  240
  neutralSeatLayer_192x240-9265f4d97f72c0f9b8e859907736bbe4da900f9c2c454227063a0c4511ccac14  192 x  240
  neutralSeatLayer_192x240-9293cab5b043260544a3f3afeaea8b65f191747a014f95e7917a589a4454131a  192 x  240
  neutralSeatLayer_192x240-9370b456b810a3d941f6542bfac34a07c77babfbcadc9b1b9c2d6ead3adb328f  192 x  240
  neutralSeatLayer_192x240-93d92e33623bb6480f519fa39decdc47821e426e4da2e07d5b2bf3b3ba3b4fb5  192 x  240
  neutralSeatLayer_192x240-93f8c54ba24a1ca2cd05895dbe0591e61e4ef41c1d1b45c1ea91264612338733  192 x  240
  neutralSeatLayer_192x240-9414c953debc0cd8957f148846f24fbddbc0cbe975e6423966ce14f21531fd9d  192 x  240
  neutralSeatLayer_192x240-9548ee8e95fa1190251fab73679248759d80246f8d5ffd78aa9f08b7ece488ed  192 x  240
  neutralSeatLayer_192x240-983275069a37ac73cec4ba9ae8c637fc08c5a7277152eee326708ac30923bd75  192 x  240
  neutralSeatLayer_192x240-987c38640793bd84982386cc7fc35a534c6985c60402551f0c02f6cc1f8afe53  192 x  240
  neutralSeatLayer_192x240-9a56e1d1f6d3a5554ba7c1ffe86677e4261f0cdad5291068726cdb22fef39a16  192 x  240
  neutralSeatLayer_192x240-9aeca567725b5bae60e95536b95c6bce2de649e29b24cb5b9e83fcf926a29d34  192 x  240
  neutralSeatLayer_192x240-9b73545e2a26ef92a0df6a37c2f2df73a2b61ca5d29ae6d9ab7dd6fea6fcbdc3  192 x  240
  neutralSeatLayer_192x240-9d1684828b8f0906958446db7789e79303134b542d26d1e2f8bc14b24706be09  192 x  240
  neutralSeatLayer_192x240-9d1a95548ff7e063dfeba83bac097dd8f058ea7d609050bd84302423250278e0  192 x  240
  neutralSeatLayer_192x240-9dadead1a1701d7219e9123243ddba8d0f7804b7be9ee829e293de3ad2bcf9e6  192 x  240
  neutralSeatLayer_192x240-9e32f52728e0513d355b403f4b3b2ad6cbe5a9984a041911be58ce9e63f5c615  192 x  240
  neutralSeatLayer_192x240-9e4f5b1f47ac71db63e18210bb356291a29ecf53496400ab9f4f1aa3ddd62589  192 x  240
  neutralSeatLayer_192x240-9f741b5385f53ad994e41eba987ebff604b467cc7491f6b826ec8a51d7500c97  192 x  240
  neutralSeatLayer_192x240-9fb1ced020f9530623d51c4440c5b76d159ce86bf7d0b7898fc4ddde364da078  192 x  240
  neutralSeatLayer_192x240-a232c767fd8a0094983bee95fc4ae571d55c06801881b774def64e2fc24ea2f6  192 x  240
  neutralSeatLayer_192x240-a30145704202398b63d1c214220a0220d5ef6700f5d31e79083cd7fa7a19fc75  192 x  240
  neutralSeatLayer_192x240-a4700ec0462166e76cd1dbbfbf43130934242df0be739a84e60fe7ec428b4f29  192 x  240
  neutralSeatLayer_192x240-a5097d259da5d52b4a74f428ab3a2f59dd4fbe2b541c17d574c3ae54cf1a4b53  192 x  240
  neutralSeatLayer_192x240-a744db43dc7c389377b05a99389ab6834841f68351b7e520c8bf8414a4dfc5ce  192 x  240
  neutralSeatLayer_192x240-a7e174b01fa35e2d140641f09ea5e49a4dc04ef44dbb5239eb94947d0c83b989  192 x  240
  neutralSeatLayer_192x240-a80fe361939c7cd9e9c7fe7d5f9efb9b67552e774f8a7579a9ea426f6cedb520  192 x  240
  neutralSeatLayer_192x240-aa2e79aec21261eb2fa34dd885faf1b1c199f63d99b845f25dcf4068155fc302  192 x  240
  neutralSeatLayer_192x240-ab368be5a247ba17cd1a8149c400e7412a799ff9ee455896872777852cc3bc12  192 x  240
  neutralSeatLayer_192x240-ab74ef1e59459b640742bcb70dedbc26fb94554b72f4ed0d146c13dca3acef4a  192 x  240
  neutralSeatLayer_192x240-ad0880f78c8a166c520857a71ba325d190e38068f361f346d4cd85195ed0a980  192 x  240
  neutralSeatLayer_192x240-ad8a61793cd09ae2215bbc366ef3956296cc190de4e3887de234454feca2ddfa  192 x  240
  neutralSeatLayer_192x240-adbac9ca23cb8a1c2de778d7011bd91ce617ee99d3be8bec66d5f105e53dd36f  192 x  240
  neutralSeatLayer_192x240-ae98f12eb7daba710359d9255bcb1bc2e5aa66a6d90c92177012543de2148448  192 x  240
  neutralSeatLayer_192x240-af2b0194ab5bf5f429c28c8e82edf74935efc201fa3730386f2b4912b7ebe8a7  192 x  240
  neutralSeatLayer_192x240-af2b275c05886dc55e3067cd0f6bdd060573949f70f927f604101668ecdee4c4  192 x  240
  neutralSeatLayer_192x240-b064a7304c14d7954d4ced8b055cdd909fcea7a2314669d95997e352e8316894  192 x  240
  neutralSeatLayer_192x240-b16f9e6d0f8e843524daa53a1fa685d21eec4b32367f73b4915e22274ef14176  192 x  240
  neutralSeatLayer_192x240-b1de0f5e69df30e9855cb8f25bd2e9b10b1a816701699486cb309dd0d9e083f5  192 x  240
  neutralSeatLayer_192x240-b275d84ed3621a99cc1b44252eb9ada1f958ca92227d5bd0f667b5ca85759903  192 x  240
  neutralSeatLayer_192x240-b67eba6857f280792ae1e832efc0f7fa1cb0166456902191303cd128e03a9975  192 x  240
  neutralSeatLayer_192x240-b8741fe4dba1d5924f156c83d78af2bf1f092dc54a40bbcd4c178972583ac527  192 x  240
  neutralSeatLayer_192x240-bb75cf7707ed6095ba169d443b3b219da54296e98d086dcbae6577f58b866e28  192 x  240
  neutralSeatLayer_192x240-bc51d116248702f6c4bce917cc05be9b3d0c8a730f4fe468b9185768dfe6e3fa  192 x  240
  neutralSeatLayer_192x240-bcf4b78362f742b835035cdc23fd9f3d3e6d7baa15bced96fc1efeb11a9a3ec0  192 x  240
  neutralSeatLayer_192x240-bd28a7bdf58cda9d68a25d4c5b50c345963609fd4ccbfe95bf8040607a2be81d  192 x  240
  neutralSeatLayer_192x240-be11e1141dbd825624bbf193308ecfb2bf6525b5629aa4fc71d47cc9c24bdaa2  192 x  240
  neutralSeatLayer_192x240-be8106c3a6873d2e41459c4dfb8b983c43aaa26ed0df5948ede55bfcf0106615  192 x  240
  neutralSeatLayer_192x240-c034887655c166e29b577b3278feb3af1e09d5e217ce9d64efe897f01a7af7af  192 x  240
  neutralSeatLayer_192x240-c042824f51db0584b4224a18070eee367bf48b92e6caa1b577b41fed66f22f5e  192 x  240
  neutralSeatLayer_192x240-c13b1260b45dfe4dea285c06e92d4f54c970bc6c267827929213a1403dcca20a  192 x  240
  neutralSeatLayer_192x240-c1c2fe8e5e1268451eb44195f63ae25f6a40279ca25100aa5d664e5098f4f845  192 x  240
  neutralSeatLayer_192x240-c36d611048e30b1b0594d7b959ea63a759eab65d0f5b68b044b8708f9c01bd7d  192 x  240
  neutralSeatLayer_192x240-c3fd5898ff684812897471ecc529461e4ab6015861b29c5e9db6e481e878738a  192 x  240
  neutralSeatLayer_192x240-c535d4d565bd0699e8ccd8176dd39161a235b2d17e720ea6c395002c2d8d7a79  192 x  240
  neutralSeatLayer_192x240-c5690321a13d8b3f06deddfd99e97933b6788b3d00e145e0ff683f21ae85f0a3  192 x  240
  neutralSeatLayer_192x240-c5e527909295bdba1c81d74fa785d9dc127e8734f356ca9ab185a9ed94b9709a  192 x  240
  neutralSeatLayer_192x240-c94afec00de178c99e2aca558c8a4773de1fdb541bb8bcaf749ff4ad5fe6f120  192 x  240
  neutralSeatLayer_192x240-c95c807aa877dbbd1c1828dac1ef11b3e6b827a5afd3bf8f4ef17b9d8354f36c  192 x  240
  neutralSeatLayer_192x240-c98db9d02d7289feaaae63697bda3a0da8d1d043bc4cf09776b3e17f86d48c4d  192 x  240
  neutralSeatLayer_192x240-ca0c4af5b7d74b29bcf986b292d7cc6e261eaa439fb275ec3769c3ef162be199  192 x  240
  neutralSeatLayer_192x240-ca6216edc85cafb50b4c0336baae2cd6086d631666539f6af0b6f9558ab3965f  192 x  240
  neutralSeatLayer_192x240-ca72c75257c0dd75d1b98bd057061d831e64f4105818fbe4368cc32b3b819338  192 x  240
  neutralSeatLayer_192x240-cab060cf4190598637dcd4341c02841870592b90c62add353bf559d70a9ca8c8  192 x  240
  neutralSeatLayer_192x240-cac7e72ec5570328b309cdc11981906855aca21f4e27188ad5de5d8bc6445fd5  192 x  240
  neutralSeatLayer_192x240-cba821d390f3a1992501f0ddee979cff1fcf82a8987e062975a223ff387cb10a  192 x  240
  neutralSeatLayer_192x240-cd3057ca1f44ea223ec7db1ff77b5a59a22722b4228adb6833c0fbbc8a88107b  192 x  240
  neutralSeatLayer_192x240-ce42ecfa816b1a8afa6d0b3736d38efc78337588cac3841353fd96015a7406cd  192 x  240
  neutralSeatLayer_192x240-d1320b6825a791962fd9bd2ffb84e287a5f6de5a37c5f0cdaafc04c105aa3464  192 x  240
  neutralSeatLayer_192x240-d214e665155f63fe33d809632e7de325264a213cd790cd927e2ae5b53f258ce9  192 x  240
  neutralSeatLayer_192x240-d4a1701b3368a49e7ab1cacedb64afc7a06575e5d451608df384db75e81b6db3  192 x  240
  neutralSeatLayer_192x240-d53bd7488dbc6bfbe113a9ddab5d18422f508346aa92485dbfb798c842db8b71  192 x  240
  neutralSeatLayer_192x240-d66e94942b9dad7e8f12ec3e2c82de2f25986874a31d603b48f756ce7bcda9e1  192 x  240
  neutralSeatLayer_192x240-d83cb4fd14eaae18faf43a8908d5bc14e6130e772bc203e4a1f26d93233f0a71  192 x  240
  neutralSeatLayer_192x240-d927267c6fbc36bfd07e3046ea9a279796e28281d807a3be8cd970d0c02132cc  192 x  240
  neutralSeatLayer_192x240-d9d80a51b65455437d758aa347b964cbe27dd593421a5311126c0cf7f0cc5894  192 x  240
  neutralSeatLayer_192x240-da1203994b3bd6c6292d9a8b2a7b3cf25bfce186c0934c69bbe7d4a46442309e  192 x  240
  neutralSeatLayer_192x240-db9052fac7cd993dc3f996fa834d3230f1772bc49889ca7acce3f5d0b876d18b  192 x  240
  neutralSeatLayer_192x240-dbba3edad597df75ce38981090fc7be0e0bf65aa1cb56c565d48275254055884  192 x  240
  neutralSeatLayer_192x240-dbe6c7080d069be9f72b9c6051084efc6eaa7bc3ebea8442779947501447a41a  192 x  240
  neutralSeatLayer_192x240-dcbb27e78e56ab362b4bb4246636ebe3980b0710a703432db826d2518929657a  192 x  240
  neutralSeatLayer_192x240-ddb4dcd8993c9f91113df7c4542d7b6ab168aadf416d4b5d29aa9f53b3513d86  192 x  240
  neutralSeatLayer_192x240-de4a39c93b588f3ad469ab618f9dbe6fc2f1eed50e277317dc3fda80b689f664  192 x  240
  neutralSeatLayer_192x240-def0fd4fa5694ad43eae2093dadf0e2ae2f7da5d29fe3ce305d6edaa02a6fba1  192 x  240
  neutralSeatLayer_192x240-e03cfd4e38e73c00e1a5cd9593a9ccea816fe08f01a4fa5f76faf026506dcdf9  192 x  240
  neutralSeatLayer_192x240-e07827a257bcfa4dd541ffc7fae7022a6eb56fa228eaf196893e5d0ab7d9eef6  192 x  240
  neutralSeatLayer_192x240-e189c08c35f19d1bc772a54e8a0c538a142633ed8aa5c0bdc98135867911021d  192 x  240
  neutralSeatLayer_192x240-e2222124bafc36a9d7f76c8384fbebb6b9ab1da00c3792810cc931ea0c855db5  192 x  240
  neutralSeatLayer_192x240-e3a2c61864338e20ce0ee4f6458d1bc85d23975f8b8c96954effa011ec9118e0  192 x  240
  neutralSeatLayer_192x240-e3f930cff100c3adee668ecb1adcf5a51f22492e654cf5f02365b900b7f65896  192 x  240
  neutralSeatLayer_192x240-e466ad9c185d57b0a077b6ec76a91626d0ee8cbfb8efb02ac13710f50d0d4c17  192 x  240
  neutralSeatLayer_192x240-e4ac6928495a4cf642df920d042cdef8607ffafd4ac55124ed5d90b1ac70412a  192 x  240
  neutralSeatLayer_192x240-e66b84693be4bd7c40f23910fce33f58b187f3486e446f25e3200a6dbc4212bc  192 x  240
  neutralSeatLayer_192x240-e8b0e231be147ed8b0146872a9295688a1a6079bdfb2aaccb3b02ebdb91ef5ef  192 x  240
  neutralSeatLayer_192x240-ebcb79534711ce39ecfd07d4b1986ab812391dc59a699081cc762a70255f8675  192 x  240
  neutralSeatLayer_192x240-ec708a184877144f9023dce9ea5397703a39453439ceb775425a9183cdf15836  192 x  240
  neutralSeatLayer_192x240-ed4afa59268eea7e8cc7e8c29dc15a5e11faea18d1a4653eac97c2bef1e55254  192 x  240
  neutralSeatLayer_192x240-edee3d90ec4c29f30388dc2d7556d1bae1ce11f90b0852ac6efbeb98570ab15d  192 x  240
  neutralSeatLayer_192x240-f0c87fb50738488814d7a897a4d666fda2b17f886d3e95101c8bc14676aae8c9  192 x  240
  neutralSeatLayer_192x240-f37ce4174b4bc103223bbb7ba836fcf4d522b640c3f02c2a22ed7896092e7136  192 x  240
  neutralSeatLayer_192x240-f3a5d4be6aaa5cd1bb2bf57fda1d495db8f9ef59f3c667d53019bfd697eb34c4  192 x  240
  neutralSeatLayer_192x240-f40b8e720425b4003ef1aca737ed13cdd1a1e22bc2b88be81bfd2f51d48344f9  192 x  240
  neutralSeatLayer_192x240-f4428443d4a9828637538b752faa42ef206c4caf7a0c38a57c1fae731510bec5  192 x  240
  neutralSeatLayer_192x240-f44a1218015fe789a2360e917f9e651c3b79a7e13046c1aa5627e7bf05836010  192 x  240
  neutralSeatLayer_192x240-f8ec593875ea66b7828d587df24cf9676b17075d1d9b1a2135f35a33c50f9e10  192 x  240
  neutralSeatLayer_192x240-f9a954f73b8e3fd69bd1118786c4199115f7e94fb9ee6ebbfa2184695189e90f  192 x  240
  neutralSeatLayer_192x240-fa0e83ab1af65af2b9e4d9ad3dd8c1426bf475ea18bab14c97f46d9a5d06d3cc  192 x  240
  neutralSeatLayer_192x240-fcb3c3b27d295b9a1fbd79fe6848079cb337b306e267e65b449c7fe8a2f10556  192 x  240
  neutralSeatLayer_192x240-fcc6d75b4e2a544232563de125acaf0140dd8da5f720b780b54fc726acc601d7  192 x  240
  neutralSeatLayer_192x240-ff7b720dcb6e41ab14ea4c58f6c99e31c250c4ecdef9cf99c8d30b79a0a062e5  192 x  240
  neutralSeatLayer_320x352-06d83b19e26686794544e5634bd3ac2c0ee3b5f43a3a523ec4648852780703c8  320 x  352
  neutralSeatLayer_320x352-0e384e647b264057ae4a20abef142cbcc6fa47504f64b8f07d79b8269944c271  320 x  352
  neutralSeatLayer_320x352-0fcd14a041886ae61b95a4e2693a3d9d074cff758103f240179e1653fe50e296  320 x  352
  neutralSeatLayer_320x352-210e915db71ee988c93a2c964ae1585fb27a74910592fc3fd91716d5fe4d7d26  320 x  352
  neutralSeatLayer_320x352-21461d0e5516f616ccd3b096c107331a9d2a89ef5367f2b1bb91f67cf4fd7b16  320 x  352
  neutralSeatLayer_320x352-2237c6269e2a6bdb85fbc56e9572442fc42dbb47d32bbab27ed922513f1e4e15  320 x  352
  neutralSeatLayer_320x352-231a4a7e9d75c00b8359ed05d3ce490cbb351a60932d249ce5c55507f7e388c6  320 x  352
  neutralSeatLayer_320x352-23add726d2d517b7deaa28cf4731aedaf2cacbf2c386cd954e0abcb5b83e78d5  320 x  352
  neutralSeatLayer_320x352-242bc83a2678bf4e85b503069df674746e9a8070845d6606acafc7a99b7ed8b1  320 x  352
  neutralSeatLayer_320x352-25a0ed4adb2ce9aa54deb19d741d4180d2e6182e79d3f525c2ce3778d738a4d8  320 x  352
  neutralSeatLayer_320x352-2867e9b2c4c47f4394330be36fe4da999fd08b8deed0f22eafda1ff34018a54d  320 x  352
  neutralSeatLayer_320x352-317ca553f4a74dd8ab6cf814f19dd7c8107893eb03ab6630223eeb6d5113a98c  320 x  352
  neutralSeatLayer_320x352-336bd5ec99cbc0f5381f19b4add6c0abf643e4542cb9b0217af4184bdf157020  320 x  352
  neutralSeatLayer_320x352-337ced47f5e63ce98f571c80ce45b7032fe62ef006c3f97cd449eb5f60a8742e  320 x  352
  neutralSeatLayer_320x352-36d67e287b13c0cb9bd8138ded1aa4066ffecd10c4ae26872431085e360c7a5b  320 x  352
  neutralSeatLayer_320x352-3ac1dae2de5a229338b1e7f508b003bff01655716f63179bff88547ab2557175  320 x  352
  neutralSeatLayer_320x352-40e94ba5595c5e1c78a37d96ae8acd0c43a22915066fe8c7c7c476adce0b1023  320 x  352
  neutralSeatLayer_320x352-46008cd69f4701dbb98bbb5772856b9dacc8aaa3ffa354fad8a50e2c8d40c1c7  320 x  352
  neutralSeatLayer_320x352-486249d407698138334f9191727e5af033053ef7aa38d70181be3e1c92e2635a  320 x  352
  neutralSeatLayer_320x352-507a6d74d9bcaafd953f1907f0a8183e5221f784fb295480a238e63a8f17039a  320 x  352
  neutralSeatLayer_320x352-51f4f5ed7fa68f6a5d63afe4c0f775092a1e586b3df39bcb6bdf1df1e02e2ed5  320 x  352
  neutralSeatLayer_320x352-54787cde1b9bb1270e6fc1989c994df5fef98d323a4da226bdf98896c262e73d  320 x  352
  neutralSeatLayer_320x352-54a3e254f899c787dba76f0234b9e8db00b4fd6e94f831769f4fe6958886ca71  320 x  352
  neutralSeatLayer_320x352-575718579c915de440a064634519f8f9ae398e2009d677ae330057fe78b016b0  320 x  352
  neutralSeatLayer_320x352-5b885c6a65f8ccb47b1a83bfa45f90ee658e1f273a2c5dac509abff306f1ec3c  320 x  352
  neutralSeatLayer_320x352-701ec991c5a8231062cacdc4227fad80e6510c8322f16fe7a52f70665cb25139  320 x  352
  neutralSeatLayer_320x352-782306c9e3d993e35c512c5d3412f17777fc17bd28323f5819e58d344bba9a8c  320 x  352
  neutralSeatLayer_320x352-7b0fae03483d56d354f408b34807ecc576d69fe9b10f4601934dfa49ca0df3f8  320 x  352
  neutralSeatLayer_320x352-7ff8587e22b96f2ca9370648aa42e1083e6f8714642154b269fdd2a93e91ecc5  320 x  352
  neutralSeatLayer_320x352-853eea31244429aef34c071d1ab9973d13b46cd97fa34905ec997267fee40c25  320 x  352
  neutralSeatLayer_320x352-8600c798f6b76fe826c9af4ff11b636731471d4f7c51a6312d96beb7a1a34a06  320 x  352
  neutralSeatLayer_320x352-87b7ca2228792a4ffcafa128458eaf2230f81198644652815961d12036fe97ed  320 x  352
  neutralSeatLayer_320x352-8a0bfb273a8ce153e1e410c4d5b54056ede2438898de056189ac80ccba8ed5be  320 x  352
  neutralSeatLayer_320x352-8b602a192ce5f1bd9bc5ac12633ab4463a5e05e43ce1cba6232b8948b9e6c99b  320 x  352
  neutralSeatLayer_320x352-934bcbebf1a3fccd79a8d80581aff0f2feced49b43bf800102119ea2779ae0d4  320 x  352
  neutralSeatLayer_320x352-9ade5cec4f127a39e63cdacde8fa090ff32dfa21a6c707a8ce5d864e35bcaffe  320 x  352
  neutralSeatLayer_320x352-a00810855b1a74194ca6a4bc10827cbe2917526061ed8f38e564a042878dfb1b  320 x  352
  neutralSeatLayer_320x352-a3e51e69a46bd6fbc5b5b272bd87d29f250829845d3cf1e0941cc133dd057606  320 x  352
  neutralSeatLayer_320x352-ad3be5d2d1660c570399a3ff2106d0af57fd34f397c753d3e7c08990e1a99cd1  320 x  352
  neutralSeatLayer_320x352-afeefc3c250d892c9031818d52718ed8ec9260427c538970f2d5732c720131c1  320 x  352
  neutralSeatLayer_320x352-b246367ac52fd24df589b4d97572e4ed060224788afaf137d29109e339ace750  320 x  352
  neutralSeatLayer_320x352-b6b312bf7954e0b323316501a0445e938f01d5d05bb38aa648c95b0ca25c059d  320 x  352
  neutralSeatLayer_320x352-b8171672be0d1bfda0b79da3ef21c1a6139a5ab3899dafd6cc9bdb170e5f34a2  320 x  352
  neutralSeatLayer_320x352-b8b8ce562c44aa8921a823d9a9da599f8af433c3a1ca43035cac583d5e609e86  320 x  352
  neutralSeatLayer_320x352-ba315a69c640718c1cbaf75a1c6077837333727f52073c6256eff81d4f1af553  320 x  352
  neutralSeatLayer_320x352-bdb7ef4f88d908a77e53a691e389397c73e14b172f7798021e52a23148bcc7e0  320 x  352
  neutralSeatLayer_320x352-bf67e327354da2447e42223f764f13eaa363a8625a6cb5adee2733105f329b46  320 x  352
  neutralSeatLayer_320x352-c2583eff08369d8728ed86c4169abead6cc5a116013bed4fbdf3eac9b935d5f6  320 x  352
  neutralSeatLayer_320x352-c2fcf32061132e6ff3987b454d28d576269d1d4779f462a38d912ff7ad0db8ac  320 x  352
  neutralSeatLayer_320x352-c3f6203733e410d748e422595e9aba3025dbbbc527686c5ed1e2025a35e3bcad  320 x  352
  neutralSeatLayer_320x352-cbfc7d02715f17a1934cb7e9f80eefa813e0da4d20eb56da0ccf2cd0ea2f8a48  320 x  352
  neutralSeatLayer_320x352-d1a50b8c57e651ac867ee98be5b4f8f35a14dafb92d6bd8e1c9eed63ccd6aaf1  320 x  352
  neutralSeatLayer_320x352-d2ec9f91de54fb09e9c533ab6f0fca27b6d1e7cf15b16d96bebb25f9a38779fa  320 x  352
  neutralSeatLayer_320x352-d50bfda6c841771e12ec03c165cbecc30b007b190fcb94b46b27dd427fffc38c  320 x  352
  neutralSeatLayer_320x352-dc805bac669e9acbfbb9c39461a06a32f6605a7397b377eb2d3263a1cc5d0eab  320 x  352
  neutralSeatLayer_320x352-e78e5a3526409dc5f9969a0bb1e585fa6f9350b614e1fdb64c9130f9dbaa5cf1  320 x  352
  neutralSeatLayer_320x352-f0f4badb6d3dadd2ec78141201e1af120b4e08cc7b25402dc635f5c06fa41cce  320 x  352
  neutralSeatLayer_320x352-f36bba21a4e83313ce18fd8686499a2f39fbbd62b0475228ee2e183c312a97d6  320 x  352
  neutralSeatLayer_320x352-f9ca85e40a8cc6e53b87a6ee22797ae80b50f49687ab4176caec6cdd2f7bbc13  320 x  352
  neutralSeatLayer_320x352-ff6eb521e7c2db405a992ae3a816931f4cb1b19a72d721d66bcd12daae604c2f  320 x  352
  neutralSeat_dining_SE_green_0     192 x  240
  neutralSeat_dining_SE_blue_0      192 x  240
  neutralSeat_dining_SE_red_0       192 x  240
  neutralSeat_dining_SE_green_1     192 x  240
  neutralSeat_dining_SE_blue_1      192 x  240
  neutralSeat_dining_SE_red_1       192 x  240
  neutralSeat_dining_SE_green_2     192 x  240
  neutralSeat_dining_SE_blue_2      192 x  240
  neutralSeat_dining_SE_red_2       192 x  240
  neutralSeat_dining_SE_green_3     192 x  240
  neutralSeat_dining_SE_blue_3      192 x  240
  neutralSeat_dining_SE_red_3       192 x  240
  neutralSeat_dining_NW_green_0     192 x  240
  neutralSeat_dining_NW_blue_0      192 x  240
  neutralSeat_dining_NW_red_0       192 x  240
  neutralSeat_dining_NW_green_1     192 x  240
  neutralSeat_dining_NW_blue_1      192 x  240
  neutralSeat_dining_NW_red_1       192 x  240
  neutralSeat_dining_NW_green_2     192 x  240
  neutralSeat_dining_NW_blue_2      192 x  240
  neutralSeat_dining_NW_red_2       192 x  240
  neutralSeat_dining_NW_green_3     192 x  240
  neutralSeat_dining_NW_blue_3      192 x  240
  neutralSeat_dining_NW_red_3       192 x  240
  neutralSeat_dining_SW_green_0     192 x  240
  neutralSeat_dining_SW_blue_0      192 x  240
  neutralSeat_dining_SW_red_0       192 x  240
  neutralSeat_dining_SW_green_1     192 x  240
  neutralSeat_dining_SW_blue_1      192 x  240
  neutralSeat_dining_SW_red_1       192 x  240
  neutralSeat_dining_SW_green_2     192 x  240
  neutralSeat_dining_SW_blue_2      192 x  240
  neutralSeat_dining_SW_red_2       192 x  240
  neutralSeat_dining_SW_green_3     192 x  240
  neutralSeat_dining_SW_blue_3      192 x  240
  neutralSeat_dining_SW_red_3       192 x  240
  neutralSeat_dining_NE_green_0     192 x  240
  neutralSeat_dining_NE_blue_0      192 x  240
  neutralSeat_dining_NE_red_0       192 x  240
  neutralSeat_dining_NE_green_1     192 x  240
  neutralSeat_dining_NE_blue_1      192 x  240
  neutralSeat_dining_NE_red_1       192 x  240
  neutralSeat_dining_NE_green_2     192 x  240
  neutralSeat_dining_NE_blue_2      192 x  240
  neutralSeat_dining_NE_red_2       192 x  240
  neutralSeat_dining_NE_green_3     192 x  240
  neutralSeat_dining_NE_blue_3      192 x  240
  neutralSeat_dining_NE_red_3       192 x  240
  neutralSeat_office_SE_green_0     192 x  240
  neutralSeat_office_SE_blue_0      192 x  240
  neutralSeat_office_SE_red_0       192 x  240
  neutralSeat_office_SE_green_1     192 x  240
  neutralSeat_office_SE_blue_1      192 x  240
  neutralSeat_office_SE_red_1       192 x  240
  neutralSeat_office_SE_green_2     192 x  240
  neutralSeat_office_SE_blue_2      192 x  240
  neutralSeat_office_SE_red_2       192 x  240
  neutralSeat_office_SE_green_3     192 x  240
  neutralSeat_office_SE_blue_3      192 x  240
  neutralSeat_office_SE_red_3       192 x  240
  neutralSeat_office_NW_green_0     192 x  240
  neutralSeat_office_NW_blue_0      192 x  240
  neutralSeat_office_NW_red_0       192 x  240
  neutralSeat_office_NW_green_1     192 x  240
  neutralSeat_office_NW_blue_1      192 x  240
  neutralSeat_office_NW_red_1       192 x  240
  neutralSeat_office_NW_green_2     192 x  240
  neutralSeat_office_NW_blue_2      192 x  240
  neutralSeat_office_NW_red_2       192 x  240
  neutralSeat_office_NW_green_3     192 x  240
  neutralSeat_office_NW_blue_3      192 x  240
  neutralSeat_office_NW_red_3       192 x  240
  neutralSeat_office_SW_green_0     192 x  240
  neutralSeat_office_SW_blue_0      192 x  240
  neutralSeat_office_SW_red_0       192 x  240
  neutralSeat_office_SW_green_1     192 x  240
  neutralSeat_office_SW_blue_1      192 x  240
  neutralSeat_office_SW_red_1       192 x  240
  neutralSeat_office_SW_green_2     192 x  240
  neutralSeat_office_SW_blue_2      192 x  240
  neutralSeat_office_SW_red_2       192 x  240
  neutralSeat_office_SW_green_3     192 x  240
  neutralSeat_office_SW_blue_3      192 x  240
  neutralSeat_office_SW_red_3       192 x  240
  neutralSeat_office_NE_green_0     192 x  240
  neutralSeat_office_NE_blue_0      192 x  240
  neutralSeat_office_NE_red_0       192 x  240
  neutralSeat_office_NE_green_1     192 x  240
  neutralSeat_office_NE_blue_1      192 x  240
  neutralSeat_office_NE_red_1       192 x  240
  neutralSeat_office_NE_green_2     192 x  240
  neutralSeat_office_NE_blue_2      192 x  240
  neutralSeat_office_NE_red_2       192 x  240
  neutralSeat_office_NE_green_3     192 x  240
  neutralSeat_office_NE_blue_3      192 x  240
  neutralSeat_office_NE_red_3       192 x  240
  neutralSeat_sofa_SE_green_0       320 x  352
  neutralSeat_sofa_SE_blue_0        320 x  352
  neutralSeat_sofa_SE_red_0         320 x  352
  neutralSeat_sofa_SE_green_1       320 x  352
  neutralSeat_sofa_SE_blue_1        320 x  352
  neutralSeat_sofa_SE_red_1         320 x  352
  neutralSeat_sofa_SE_green_2       320 x  352
  neutralSeat_sofa_SE_blue_2        320 x  352
  neutralSeat_sofa_SE_red_2         320 x  352
  neutralSeat_sofa_SE_green_3       320 x  352
  neutralSeat_sofa_SE_blue_3        320 x  352
  neutralSeat_sofa_SE_red_3         320 x  352
  neutralSeat_sofa_NW_green_0       320 x  352
  neutralSeat_sofa_NW_blue_0        320 x  352
  neutralSeat_sofa_NW_red_0         320 x  352
  neutralSeat_sofa_NW_green_1       320 x  352
  neutralSeat_sofa_NW_blue_1        320 x  352
  neutralSeat_sofa_NW_red_1         320 x  352
  neutralSeat_sofa_NW_green_2       320 x  352
  neutralSeat_sofa_NW_blue_2        320 x  352
  neutralSeat_sofa_NW_red_2         320 x  352
  neutralSeat_sofa_NW_green_3       320 x  352
  neutralSeat_sofa_NW_blue_3        320 x  352
  neutralSeat_sofa_NW_red_3         320 x  352
  neutralSeat_sofa_SW_green_0       320 x  352
  neutralSeat_sofa_SW_blue_0        320 x  352
  neutralSeat_sofa_SW_red_0         320 x  352
  neutralSeat_sofa_SW_green_1       320 x  352
  neutralSeat_sofa_SW_blue_1        320 x  352
  neutralSeat_sofa_SW_red_1         320 x  352
  neutralSeat_sofa_SW_green_2       320 x  352
  neutralSeat_sofa_SW_blue_2        320 x  352
  neutralSeat_sofa_SW_red_2         320 x  352
  neutralSeat_sofa_SW_green_3       320 x  352
  neutralSeat_sofa_SW_blue_3        320 x  352
  neutralSeat_sofa_SW_red_3         320 x  352
  neutralSeat_sofa_NE_green_0       320 x  352
  neutralSeat_sofa_NE_blue_0        320 x  352
  neutralSeat_sofa_NE_red_0         320 x  352
  neutralSeat_sofa_NE_green_1       320 x  352
  neutralSeat_sofa_NE_blue_1        320 x  352
  neutralSeat_sofa_NE_red_1         320 x  352
  neutralSeat_sofa_NE_green_2       320 x  352
  neutralSeat_sofa_NE_blue_2        320 x  352
  neutralSeat_sofa_NE_red_2         320 x  352
  neutralSeat_sofa_NE_green_3       320 x  352
  neutralSeat_sofa_NE_blue_3        320 x  352
  neutralSeat_sofa_NE_red_3         320 x  352
  neutralSeat_ottoman_SE_green_0    192 x  240
  neutralSeat_ottoman_SE_blue_0     192 x  240
  neutralSeat_ottoman_SE_red_0      192 x  240
  neutralSeat_ottoman_SE_green_1    192 x  240
  neutralSeat_ottoman_SE_blue_1     192 x  240
  neutralSeat_ottoman_SE_red_1      192 x  240
  neutralSeat_ottoman_SE_green_2    192 x  240
  neutralSeat_ottoman_SE_blue_2     192 x  240
  neutralSeat_ottoman_SE_red_2      192 x  240
  neutralSeat_ottoman_SE_green_3    192 x  240
  neutralSeat_ottoman_SE_blue_3     192 x  240
  neutralSeat_ottoman_SE_red_3      192 x  240
  neutralSeat_ottoman_NW_green_0    192 x  240
  neutralSeat_ottoman_NW_blue_0     192 x  240
  neutralSeat_ottoman_NW_red_0      192 x  240
  neutralSeat_ottoman_NW_green_1    192 x  240
  neutralSeat_ottoman_NW_blue_1     192 x  240
  neutralSeat_ottoman_NW_red_1      192 x  240
  neutralSeat_ottoman_NW_green_2    192 x  240
  neutralSeat_ottoman_NW_blue_2     192 x  240
  neutralSeat_ottoman_NW_red_2      192 x  240
  neutralSeat_ottoman_NW_green_3    192 x  240
  neutralSeat_ottoman_NW_blue_3     192 x  240
  neutralSeat_ottoman_NW_red_3      192 x  240
  neutralSeat_ottoman_SW_green_0    192 x  240
  neutralSeat_ottoman_SW_blue_0     192 x  240
  neutralSeat_ottoman_SW_red_0      192 x  240
  neutralSeat_ottoman_SW_green_1    192 x  240
  neutralSeat_ottoman_SW_blue_1     192 x  240
  neutralSeat_ottoman_SW_red_1      192 x  240
  neutralSeat_ottoman_SW_green_2    192 x  240
  neutralSeat_ottoman_SW_blue_2     192 x  240
  neutralSeat_ottoman_SW_red_2      192 x  240
  neutralSeat_ottoman_SW_green_3    192 x  240
  neutralSeat_ottoman_SW_blue_3     192 x  240
  neutralSeat_ottoman_SW_red_3      192 x  240
  neutralSeat_ottoman_NE_green_0    192 x  240
  neutralSeat_ottoman_NE_blue_0     192 x  240
  neutralSeat_ottoman_NE_red_0      192 x  240
  neutralSeat_ottoman_NE_green_1    192 x  240
  neutralSeat_ottoman_NE_blue_1     192 x  240
  neutralSeat_ottoman_NE_red_1      192 x  240
  neutralSeat_ottoman_NE_green_2    192 x  240
  neutralSeat_ottoman_NE_blue_2     192 x  240
  neutralSeat_ottoman_NE_red_2      192 x  240
  neutralSeat_ottoman_NE_green_3    192 x  240
  neutralSeat_ottoman_NE_blue_3     192 x  240
  neutralSeat_ottoman_NE_red_3      192 x  240
  neutralSeat_reading_SE_green_0    192 x  240
  neutralSeat_reading_SE_blue_0     192 x  240
  neutralSeat_reading_SE_red_0      192 x  240
  neutralSeat_reading_SE_green_1    192 x  240
  neutralSeat_reading_SE_blue_1     192 x  240
  neutralSeat_reading_SE_red_1      192 x  240
  neutralSeat_reading_SE_green_2    192 x  240
  neutralSeat_reading_SE_blue_2     192 x  240
  neutralSeat_reading_SE_red_2      192 x  240
  neutralSeat_reading_SE_green_3    192 x  240
  neutralSeat_reading_SE_blue_3     192 x  240
  neutralSeat_reading_SE_red_3      192 x  240
  neutralSeat_reading_NW_green_0    192 x  240
  neutralSeat_reading_NW_blue_0     192 x  240
  neutralSeat_reading_NW_red_0      192 x  240
  neutralSeat_reading_NW_green_1    192 x  240
  neutralSeat_reading_NW_blue_1     192 x  240
  neutralSeat_reading_NW_red_1      192 x  240
  neutralSeat_reading_NW_green_2    192 x  240
  neutralSeat_reading_NW_blue_2     192 x  240
  neutralSeat_reading_NW_red_2      192 x  240
  neutralSeat_reading_NW_green_3    192 x  240
  neutralSeat_reading_NW_blue_3     192 x  240
  neutralSeat_reading_NW_red_3      192 x  240
  neutralSeat_reading_SW_green_0    192 x  240
  neutralSeat_reading_SW_blue_0     192 x  240
  neutralSeat_reading_SW_red_0      192 x  240
  neutralSeat_reading_SW_green_1    192 x  240
  neutralSeat_reading_SW_blue_1     192 x  240
  neutralSeat_reading_SW_red_1      192 x  240
  neutralSeat_reading_SW_green_2    192 x  240
  neutralSeat_reading_SW_blue_2     192 x  240
  neutralSeat_reading_SW_red_2      192 x  240
  neutralSeat_reading_SW_green_3    192 x  240
  neutralSeat_reading_SW_blue_3     192 x  240
  neutralSeat_reading_SW_red_3      192 x  240
  neutralSeat_reading_NE_green_0    192 x  240
  neutralSeat_reading_NE_blue_0     192 x  240
  neutralSeat_reading_NE_red_0      192 x  240
  neutralSeat_reading_NE_green_1    192 x  240
  neutralSeat_reading_NE_blue_1     192 x  240
  neutralSeat_reading_NE_red_1      192 x  240
  neutralSeat_reading_NE_green_2    192 x  240
  neutralSeat_reading_NE_blue_2     192 x  240
  neutralSeat_reading_NE_red_2      192 x  240
  neutralSeat_reading_NE_green_3    192 x  240
  neutralSeat_reading_NE_blue_3     192 x  240
  neutralSeat_reading_NE_red_3      192 x  240
  occupiedTableSitSEGreensim        160 x  224
  occupiedTableSitSEGreenfurniture  160 x  224
  occupiedTableSitSEGreenlines      160 x  224
  occupiedTableSitSEBluesim         160 x  224
  occupiedTableSitSEBluefurniture   160 x  224
  occupiedTableSitSEBluelines       160 x  224
  occupiedTableSitSERedsim          160 x  224
  occupiedTableSitSERedfurniture    160 x  224
  occupiedTableSitSERedlines        160 x  224
  occupiedTableSitSWGreensim        160 x  224
  occupiedTableSitSWGreenfurniture  160 x  224
  occupiedTableSitSWGreenlines      160 x  224
  occupiedTableSitSWBluesim         160 x  224
  occupiedTableSitSWBluefurniture   160 x  224
  occupiedTableSitSWBluelines       160 x  224
  occupiedTableSitSWRedsim          160 x  224
  occupiedTableSitSWRedfurniture    160 x  224
  occupiedTableSitSWRedlines        160 x  224
  occupiedTableSitNWGreensim        160 x  224
  occupiedTableSitNWGreenfurniture  160 x  224
  occupiedTableSitNWGreenlines      160 x  224
  occupiedTableSitNWBluesim         160 x  224
  occupiedTableSitNWBluefurniture   160 x  224
  occupiedTableSitNWBluelines       160 x  224
  occupiedTableSitNWRedsim          160 x  224
  occupiedTableSitNWRedfurniture    160 x  224
  occupiedTableSitNWRedlines        160 x  224
  occupiedTableSitNEGreensim        160 x  224
  occupiedTableSitNEGreenfurniture  160 x  224
  occupiedTableSitNEGreenlines      160 x  224
  occupiedTableSitNEBluesim         160 x  224
  occupiedTableSitNEBluefurniture   160 x  224
  occupiedTableSitNEBluelines       160 x  224
  occupiedTableSitNERedsim          160 x  224
  occupiedTableSitNERedfurniture    160 x  224
  occupiedTableSitNERedlines        160 x  224
  rigSimMopSE0                      108 x  198
  rigSimMopSE1                      108 x  198
  rigSimMopSE2                      108 x  198
  rigSimMopSE3                      108 x  198
  rigSimMopSE4                      108 x  198
  rigSimMopSE5                      108 x  198
  rigSimMopSE6                      108 x  198
  rigSimMopSE7                      108 x  198
  rigSimMopNW0                      108 x  198
  rigSimMopNW1                      108 x  198
  rigSimMopNW2                      108 x  198
  rigSimMopNW3                      108 x  198
  rigSimMopNW4                      108 x  198
  rigSimMopNW5                      108 x  198
  rigSimMopNW6                      108 x  198
  rigSimMopNW7                      108 x  198
  rigSimMopSW0                      108 x  198
  rigSimMopSW1                      108 x  198
  rigSimMopSW2                      108 x  198
  rigSimMopSW3                      108 x  198
  rigSimMopSW4                      108 x  198
  rigSimMopSW5                      108 x  198
  rigSimMopSW6                      108 x  198
  rigSimMopSW7                      108 x  198
  rigSimMopNE0                      108 x  198
  rigSimMopNE1                      108 x  198
  rigSimMopNE2                      108 x  198
  rigSimMopNE3                      108 x  198
  rigSimMopNE4                      108 x  198
  rigSimMopNE5                      108 x  198
  rigSimMopNE6                      108 x  198
  rigSimMopNE7                      108 x  198
  rigSimWipeCounterSE0              124 x  182
  rigSimWipeCounterSE1              124 x  182
  rigSimWipeCounterSE2              124 x  182
  rigSimWipeCounterSE3              124 x  182
  rigSimWipeCounterSE4              124 x  182
  rigSimWipeCounterSE5              124 x  182
  rigSimWipeCounterNW0              124 x  182
  rigSimWipeCounterNW1              124 x  182
  rigSimWipeCounterNW2              124 x  182
  rigSimWipeCounterNW3              124 x  182
  rigSimWipeCounterNW4              124 x  182
  rigSimWipeCounterNW5              124 x  182
  rigSimWipeCounterSW0              124 x  182
  rigSimWipeCounterSW1              124 x  182
  rigSimWipeCounterSW2              124 x  182
  rigSimWipeCounterSW3              124 x  182
  rigSimWipeCounterSW4              124 x  182
  rigSimWipeCounterSW5              124 x  182
  rigSimWipeCounterNE0              124 x  182
  rigSimWipeCounterNE1              124 x  182
  rigSimWipeCounterNE2              124 x  182
  rigSimWipeCounterNE3              124 x  182
  rigSimWipeCounterNE4              124 x  182
  rigSimWipeCounterNE5              124 x  182
  rigSimWipeTableSE0                128 x  180
  rigSimWipeTableSE1                128 x  180
  rigSimWipeTableSE2                128 x  180
  rigSimWipeTableSE3                128 x  180
  rigSimWipeTableSE4                128 x  180
  rigSimWipeTableSE5                128 x  180
  rigSimWipeTableNW0                128 x  180
  rigSimWipeTableNW1                128 x  180
  rigSimWipeTableNW2                128 x  180
  rigSimWipeTableNW3                128 x  180
  rigSimWipeTableNW4                128 x  180
  rigSimWipeTableNW5                128 x  180
  rigSimWipeTableSW0                128 x  180
  rigSimWipeTableSW1                128 x  180
  rigSimWipeTableSW2                128 x  180
  rigSimWipeTableSW3                128 x  180
  rigSimWipeTableSW4                128 x  180
  rigSimWipeTableSW5                128 x  180
  rigSimWipeTableNE0                128 x  180
  rigSimWipeTableNE1                128 x  180
  rigSimWipeTableNE2                128 x  180
  rigSimWipeTableNE3                128 x  180
  rigSimWipeTableNE4                128 x  180
  rigSimWipeTableNE5                128 x  180
  rigSimEmptyBinSE0                 148 x  180
  rigSimEmptyBinSE1                 148 x  180
  rigSimEmptyBinSE2                 148 x  180
  rigSimEmptyBinSE3                 148 x  180
  rigSimEmptyBinSE4                 148 x  180
  rigSimEmptyBinSE5                 148 x  180
  rigSimEmptyBinSE6                 148 x  180
  rigSimEmptyBinSE7                 148 x  180
  rigSimEmptyBinNW0                 148 x  180
  rigSimEmptyBinNW1                 148 x  180
  rigSimEmptyBinNW2                 148 x  180
  rigSimEmptyBinNW3                 148 x  180
  rigSimEmptyBinNW4                 148 x  180
  rigSimEmptyBinNW5                 148 x  180
  rigSimEmptyBinNW6                 148 x  180
  rigSimEmptyBinNW7                 148 x  180
  rigSimEmptyBinSW0                 148 x  180
  rigSimEmptyBinSW1                 148 x  180
  rigSimEmptyBinSW2                 148 x  180
  rigSimEmptyBinSW3                 148 x  180
  rigSimEmptyBinSW4                 148 x  180
  rigSimEmptyBinSW5                 148 x  180
  rigSimEmptyBinSW6                 148 x  180
  rigSimEmptyBinSW7                 148 x  180
  rigSimEmptyBinNE0                 148 x  180
  rigSimEmptyBinNE1                 148 x  180
  rigSimEmptyBinNE2                 148 x  180
  rigSimEmptyBinNE3                 148 x  180
  rigSimEmptyBinNE4                 148 x  180
  rigSimEmptyBinNE5                 148 x  180
  rigSimEmptyBinNE6                 148 x  180
  rigSimEmptyBinNE7                 148 x  180
  rigSimBlueMopSE0                  108 x  198
  rigSimBlueMopSE1                  108 x  198
  rigSimBlueMopSE2                  108 x  198
  rigSimBlueMopSE3                  108 x  198
  rigSimBlueMopSE4                  108 x  198
  rigSimBlueMopSE5                  108 x  198
  rigSimBlueMopSE6                  108 x  198
  rigSimBlueMopSE7                  108 x  198
  rigSimBlueMopNW0                  108 x  198
  rigSimBlueMopNW1                  108 x  198
  rigSimBlueMopNW2                  108 x  198
  rigSimBlueMopNW3                  108 x  198
  rigSimBlueMopNW4                  108 x  198
  rigSimBlueMopNW5                  108 x  198
  rigSimBlueMopNW6                  108 x  198
  rigSimBlueMopNW7                  108 x  198
  rigSimBlueMopSW0                  108 x  198
  rigSimBlueMopSW1                  108 x  198
  rigSimBlueMopSW2                  108 x  198
  rigSimBlueMopSW3                  108 x  198
  rigSimBlueMopSW4                  108 x  198
  rigSimBlueMopSW5                  108 x  198
  rigSimBlueMopSW6                  108 x  198
  rigSimBlueMopSW7                  108 x  198
  rigSimBlueMopNE0                  108 x  198
  rigSimBlueMopNE1                  108 x  198
  rigSimBlueMopNE2                  108 x  198
  rigSimBlueMopNE3                  108 x  198
  rigSimBlueMopNE4                  108 x  198
  rigSimBlueMopNE5                  108 x  198
  rigSimBlueMopNE6                  108 x  198
  rigSimBlueMopNE7                  108 x  198
  rigSimBlueWipeCounterSE0          124 x  182
  rigSimBlueWipeCounterSE1          124 x  182
  rigSimBlueWipeCounterSE2          124 x  182
  rigSimBlueWipeCounterSE3          124 x  182
  rigSimBlueWipeCounterSE4          124 x  182
  rigSimBlueWipeCounterSE5          124 x  182
  rigSimBlueWipeCounterNW0          124 x  182
  rigSimBlueWipeCounterNW1          124 x  182
  rigSimBlueWipeCounterNW2          124 x  182
  rigSimBlueWipeCounterNW3          124 x  182
  rigSimBlueWipeCounterNW4          124 x  182
  rigSimBlueWipeCounterNW5          124 x  182
  rigSimBlueWipeCounterSW0          124 x  182
  rigSimBlueWipeCounterSW1          124 x  182
  rigSimBlueWipeCounterSW2          124 x  182
  rigSimBlueWipeCounterSW3          124 x  182
  rigSimBlueWipeCounterSW4          124 x  182
  rigSimBlueWipeCounterSW5          124 x  182
  rigSimBlueWipeCounterNE0          124 x  182
  rigSimBlueWipeCounterNE1          124 x  182
  rigSimBlueWipeCounterNE2          124 x  182
  rigSimBlueWipeCounterNE3          124 x  182
  rigSimBlueWipeCounterNE4          124 x  182
  rigSimBlueWipeCounterNE5          124 x  182
  rigSimBlueWipeTableSE0            128 x  180
  rigSimBlueWipeTableSE1            128 x  180
  rigSimBlueWipeTableSE2            128 x  180
  rigSimBlueWipeTableSE3            128 x  180
  rigSimBlueWipeTableSE4            128 x  180
  rigSimBlueWipeTableSE5            128 x  180
  rigSimBlueWipeTableNW0            128 x  180
  rigSimBlueWipeTableNW1            128 x  180
  rigSimBlueWipeTableNW2            128 x  180
  rigSimBlueWipeTableNW3            128 x  180
  rigSimBlueWipeTableNW4            128 x  180
  rigSimBlueWipeTableNW5            128 x  180
  rigSimBlueWipeTableSW0            128 x  180
  rigSimBlueWipeTableSW1            128 x  180
  rigSimBlueWipeTableSW2            128 x  180
  rigSimBlueWipeTableSW3            128 x  180
  rigSimBlueWipeTableSW4            128 x  180
  rigSimBlueWipeTableSW5            128 x  180
  rigSimBlueWipeTableNE0            128 x  180
  rigSimBlueWipeTableNE1            128 x  180
  rigSimBlueWipeTableNE2            128 x  180
  rigSimBlueWipeTableNE3            128 x  180
  rigSimBlueWipeTableNE4            128 x  180
  rigSimBlueWipeTableNE5            128 x  180
  rigSimBlueEmptyBinSE0             148 x  180
  rigSimBlueEmptyBinSE1             148 x  180
  rigSimBlueEmptyBinSE2             148 x  180
  rigSimBlueEmptyBinSE3             148 x  180
  rigSimBlueEmptyBinSE4             148 x  180
  rigSimBlueEmptyBinSE5             148 x  180
  rigSimBlueEmptyBinSE6             148 x  180
  rigSimBlueEmptyBinSE7             148 x  180
  rigSimBlueEmptyBinNW0             148 x  180
  rigSimBlueEmptyBinNW1             148 x  180
  rigSimBlueEmptyBinNW2             148 x  180
  rigSimBlueEmptyBinNW3             148 x  180
  rigSimBlueEmptyBinNW4             148 x  180
  rigSimBlueEmptyBinNW5             148 x  180
  rigSimBlueEmptyBinNW6             148 x  180
  rigSimBlueEmptyBinNW7             148 x  180
  rigSimBlueEmptyBinSW0             148 x  180
  rigSimBlueEmptyBinSW1             148 x  180
  rigSimBlueEmptyBinSW2             148 x  180
  rigSimBlueEmptyBinSW3             148 x  180
  rigSimBlueEmptyBinSW4             148 x  180
  rigSimBlueEmptyBinSW5             148 x  180
  rigSimBlueEmptyBinSW6             148 x  180
  rigSimBlueEmptyBinSW7             148 x  180
  rigSimBlueEmptyBinNE0             148 x  180
  rigSimBlueEmptyBinNE1             148 x  180
  rigSimBlueEmptyBinNE2             148 x  180
  rigSimBlueEmptyBinNE3             148 x  180
  rigSimBlueEmptyBinNE4             148 x  180
  rigSimBlueEmptyBinNE5             148 x  180
  rigSimBlueEmptyBinNE6             148 x  180
  rigSimBlueEmptyBinNE7             148 x  180
  rigSimRedMopSE0                   108 x  198
  rigSimRedMopSE1                   108 x  198
  rigSimRedMopSE2                   108 x  198
  rigSimRedMopSE3                   108 x  198
  rigSimRedMopSE4                   108 x  198
  rigSimRedMopSE5                   108 x  198
  rigSimRedMopSE6                   108 x  198
  rigSimRedMopSE7                   108 x  198
  rigSimRedMopNW0                   108 x  198
  rigSimRedMopNW1                   108 x  198
  rigSimRedMopNW2                   108 x  198
  rigSimRedMopNW3                   108 x  198
  rigSimRedMopNW4                   108 x  198
  rigSimRedMopNW5                   108 x  198
  rigSimRedMopNW6                   108 x  198
  rigSimRedMopNW7                   108 x  198
  rigSimRedMopSW0                   108 x  198
  rigSimRedMopSW1                   108 x  198
  rigSimRedMopSW2                   108 x  198
  rigSimRedMopSW3                   108 x  198
  rigSimRedMopSW4                   108 x  198
  rigSimRedMopSW5                   108 x  198
  rigSimRedMopSW6                   108 x  198
  rigSimRedMopSW7                   108 x  198
  rigSimRedMopNE0                   108 x  198
  rigSimRedMopNE1                   108 x  198
  rigSimRedMopNE2                   108 x  198
  rigSimRedMopNE3                   108 x  198
  rigSimRedMopNE4                   108 x  198
  rigSimRedMopNE5                   108 x  198
  rigSimRedMopNE6                   108 x  198
  rigSimRedMopNE7                   108 x  198
  rigSimRedWipeCounterSE0           124 x  182
  rigSimRedWipeCounterSE1           124 x  182
  rigSimRedWipeCounterSE2           124 x  182
  rigSimRedWipeCounterSE3           124 x  182
  rigSimRedWipeCounterSE4           124 x  182
  rigSimRedWipeCounterSE5           124 x  182
  rigSimRedWipeCounterNW0           124 x  182
  rigSimRedWipeCounterNW1           124 x  182
  rigSimRedWipeCounterNW2           124 x  182
  rigSimRedWipeCounterNW3           124 x  182
  rigSimRedWipeCounterNW4           124 x  182
  rigSimRedWipeCounterNW5           124 x  182
  rigSimRedWipeCounterSW0           124 x  182
  rigSimRedWipeCounterSW1           124 x  182
  rigSimRedWipeCounterSW2           124 x  182
  rigSimRedWipeCounterSW3           124 x  182
  rigSimRedWipeCounterSW4           124 x  182
  rigSimRedWipeCounterSW5           124 x  182
  rigSimRedWipeCounterNE0           124 x  182
  rigSimRedWipeCounterNE1           124 x  182
  rigSimRedWipeCounterNE2           124 x  182
  rigSimRedWipeCounterNE3           124 x  182
  rigSimRedWipeCounterNE4           124 x  182
  rigSimRedWipeCounterNE5           124 x  182
  rigSimRedWipeTableSE0             128 x  180
  rigSimRedWipeTableSE1             128 x  180
  rigSimRedWipeTableSE2             128 x  180
  rigSimRedWipeTableSE3             128 x  180
  rigSimRedWipeTableSE4             128 x  180
  rigSimRedWipeTableSE5             128 x  180
  rigSimRedWipeTableNW0             128 x  180
  rigSimRedWipeTableNW1             128 x  180
  rigSimRedWipeTableNW2             128 x  180
  rigSimRedWipeTableNW3             128 x  180
  rigSimRedWipeTableNW4             128 x  180
  rigSimRedWipeTableNW5             128 x  180
  rigSimRedWipeTableSW0             128 x  180
  rigSimRedWipeTableSW1             128 x  180
  rigSimRedWipeTableSW2             128 x  180
  rigSimRedWipeTableSW3             128 x  180
  rigSimRedWipeTableSW4             128 x  180
  rigSimRedWipeTableSW5             128 x  180
  rigSimRedWipeTableNE0             128 x  180
  rigSimRedWipeTableNE1             128 x  180
  rigSimRedWipeTableNE2             128 x  180
  rigSimRedWipeTableNE3             128 x  180
  rigSimRedWipeTableNE4             128 x  180
  rigSimRedWipeTableNE5             128 x  180
  rigSimRedEmptyBinSE0              148 x  180
  rigSimRedEmptyBinSE1              148 x  180
  rigSimRedEmptyBinSE2              148 x  180
  rigSimRedEmptyBinSE3              148 x  180
  rigSimRedEmptyBinSE4              148 x  180
  rigSimRedEmptyBinSE5              148 x  180
  rigSimRedEmptyBinSE6              148 x  180
  rigSimRedEmptyBinSE7              148 x  180
  rigSimRedEmptyBinNW0              148 x  180
  rigSimRedEmptyBinNW1              148 x  180
  rigSimRedEmptyBinNW2              148 x  180
  rigSimRedEmptyBinNW3              148 x  180
  rigSimRedEmptyBinNW4              148 x  180
  rigSimRedEmptyBinNW5              148 x  180
  rigSimRedEmptyBinNW6              148 x  180
  rigSimRedEmptyBinNW7              148 x  180
  rigSimRedEmptyBinSW0              148 x  180
  rigSimRedEmptyBinSW1              148 x  180
  rigSimRedEmptyBinSW2              148 x  180
  rigSimRedEmptyBinSW3              148 x  180
  rigSimRedEmptyBinSW4              148 x  180
  rigSimRedEmptyBinSW5              148 x  180
  rigSimRedEmptyBinSW6              148 x  180
  rigSimRedEmptyBinSW7              148 x  180
  rigSimRedEmptyBinNE0              148 x  180
  rigSimRedEmptyBinNE1              148 x  180
  rigSimRedEmptyBinNE2              148 x  180
  rigSimRedEmptyBinNE3              148 x  180
  rigSimRedEmptyBinNE4              148 x  180
  rigSimRedEmptyBinNE5              148 x  180
  rigSimRedEmptyBinNE6              148 x  180
  rigSimRedEmptyBinNE7              148 x  180
  cleaningBinSE0                    192 x  240
  cleaningBinSE1                    192 x  240
  cleaningBinSE2                    192 x  240
  cleaningBinSE3                    192 x  240
  cleaningBinSE4                    192 x  240
  cleaningBinSE5                    192 x  240
  cleaningBinSE6                    192 x  240
  cleaningBinSE7                    192 x  240
  cleaningBinNW0                    192 x  240
  cleaningBinNW1                    192 x  240
  cleaningBinNW2                    192 x  240
  cleaningBinNW3                    192 x  240
  cleaningBinNW4                    192 x  240
  cleaningBinNW5                    192 x  240
  cleaningBinNW6                    192 x  240
  cleaningBinNW7                    192 x  240
  cleaningBinSW0                    192 x  240
  cleaningBinSW1                    192 x  240
  cleaningBinSW2                    192 x  240
  cleaningBinSW3                    192 x  240
  cleaningBinSW4                    192 x  240
  cleaningBinSW5                    192 x  240
  cleaningBinSW6                    192 x  240
  cleaningBinSW7                    192 x  240
  cleaningBinNE0                    192 x  240
  cleaningBinNE1                    192 x  240
  cleaningBinNE2                    192 x  240
  cleaningBinNE3                    192 x  240
  cleaningBinNE4                    192 x  240
  cleaningBinNE5                    192 x  240
  cleaningBinNE6                    192 x  240
  cleaningBinNE7                    192 x  240
  cleaningSupportWipeCounterSE0     192 x  256
  cleaningSupportWipeCounterSE1     192 x  256
  cleaningSupportWipeCounterSE2     192 x  256
  cleaningSupportWipeCounterSE3     192 x  256
  cleaningSupportWipeCounterSE4     192 x  256
  cleaningSupportWipeCounterSE5     192 x  256
  cleaningSupportWipeCounterNW0     192 x  256
  cleaningSupportWipeCounterNW1     192 x  256
  cleaningSupportWipeCounterNW2     192 x  256
  cleaningSupportWipeCounterNW3     192 x  256
  cleaningSupportWipeCounterNW4     192 x  256
  cleaningSupportWipeCounterNW5     192 x  256
  cleaningSupportWipeCounterSW0     192 x  256
  cleaningSupportWipeCounterSW1     192 x  256
  cleaningSupportWipeCounterSW2     192 x  256
  cleaningSupportWipeCounterSW3     192 x  256
  cleaningSupportWipeCounterSW4     192 x  256
  cleaningSupportWipeCounterSW5     192 x  256
  cleaningSupportWipeCounterNE0     192 x  256
  cleaningSupportWipeCounterNE1     192 x  256
  cleaningSupportWipeCounterNE2     192 x  256
  cleaningSupportWipeCounterNE3     192 x  256
  cleaningSupportWipeCounterNE4     192 x  256
  cleaningSupportWipeCounterNE5     192 x  256
  cleaningSupportWipeTableSE0       192 x  256
  cleaningSupportWipeTableSE1       192 x  256
  cleaningSupportWipeTableSE2       192 x  256
  cleaningSupportWipeTableSE3       192 x  256
  cleaningSupportWipeTableSE4       192 x  256
  cleaningSupportWipeTableSE5       192 x  256
  cleaningSupportWipeTableNW0       192 x  256
  cleaningSupportWipeTableNW1       192 x  256
  cleaningSupportWipeTableNW2       192 x  256
  cleaningSupportWipeTableNW3       192 x  256
  cleaningSupportWipeTableNW4       192 x  256
  cleaningSupportWipeTableNW5       192 x  256
  cleaningSupportWipeTableSW0       192 x  256
  cleaningSupportWipeTableSW1       192 x  256
  cleaningSupportWipeTableSW2       192 x  256
  cleaningSupportWipeTableSW3       192 x  256
  cleaningSupportWipeTableSW4       192 x  256
  cleaningSupportWipeTableSW5       192 x  256
  cleaningSupportWipeTableNE0       192 x  256
  cleaningSupportWipeTableNE1       192 x  256
  cleaningSupportWipeTableNE2       192 x  256
  cleaningSupportWipeTableNE3       192 x  256
  cleaningSupportWipeTableNE4       192 x  256
  cleaningSupportWipeTableNE5       192 x  256
  cleaningSupportEmptyBinSE0        192 x  256
  cleaningSupportEmptyBinSE1        192 x  256
  cleaningSupportEmptyBinSE2        192 x  256
  cleaningSupportEmptyBinSE3        192 x  256
  cleaningSupportEmptyBinSE4        192 x  256
  cleaningSupportEmptyBinSE5        192 x  256
  cleaningSupportEmptyBinSE6        192 x  256
  cleaningSupportEmptyBinSE7        192 x  256
  cleaningSupportEmptyBinNW0        192 x  256
  cleaningSupportEmptyBinNW1        192 x  256
  cleaningSupportEmptyBinNW2        192 x  256
  cleaningSupportEmptyBinNW3        192 x  256
  cleaningSupportEmptyBinNW4        192 x  256
  cleaningSupportEmptyBinNW5        192 x  256
  cleaningSupportEmptyBinNW6        192 x  256
  cleaningSupportEmptyBinNW7        192 x  256
  cleaningSupportEmptyBinSW0        192 x  256
  cleaningSupportEmptyBinSW1        192 x  256
  cleaningSupportEmptyBinSW2        192 x  256
  cleaningSupportEmptyBinSW3        192 x  256
  cleaningSupportEmptyBinSW4        192 x  256
  cleaningSupportEmptyBinSW5        192 x  256
  cleaningSupportEmptyBinSW6        192 x  256
  cleaningSupportEmptyBinSW7        192 x  256
  cleaningSupportEmptyBinNE0        192 x  256
  cleaningSupportEmptyBinNE1        192 x  256
  cleaningSupportEmptyBinNE2        192 x  256
  cleaningSupportEmptyBinNE3        192 x  256
  cleaningSupportEmptyBinNE4        192 x  256
  cleaningSupportEmptyBinNE5        192 x  256
  cleaningSupportEmptyBinNE6        192 x  256
  cleaningSupportEmptyBinNE7        192 x  256
  shelfMask_SE-base                 192 x  240
  shelfMask_SE-row0-state01-high     82 x   58
  shelfMask_SE-row0-state01-low      82 x   58
  shelfMask_SE-row0-state02-high     81 x   81
  shelfMask_SE-row0-state02-low      81 x   81
  shelfMask_SE-row0-state03-high     82 x   81
  shelfMask_SE-row0-state03-low      82 x   81
  shelfMask_SE-row0-state04-high     81 x   77
  shelfMask_SE-row0-state04-low      81 x   77
  shelfMask_SE-row0-state05-high     82 x   77
  shelfMask_SE-row0-state05-low      82 x   77
  shelfMask_SE-row0-state06-high     81 x   81
  shelfMask_SE-row0-state06-low      81 x   81
  shelfMask_SE-row0-state07-high     82 x   81
  shelfMask_SE-row0-state07-low      82 x   81
  shelfMask_SE-row0-state08-high     81 x   87
  shelfMask_SE-row0-state08-low      81 x   87
  shelfMask_SE-row0-state09-high     82 x   87
  shelfMask_SE-row0-state09-low      82 x   87
  shelfMask_SE-row0-state10-high     81 x   87
  shelfMask_SE-row0-state10-low      81 x   87
  shelfMask_SE-row0-state11-high     82 x   87
  shelfMask_SE-row0-state11-low      82 x   87
  shelfMask_SE-row0-state12-high     81 x   87
  shelfMask_SE-row0-state12-low      81 x   87
  shelfMask_SE-row0-state13-high     82 x   87
  shelfMask_SE-row0-state13-low      82 x   87
  shelfMask_SE-row0-state14-high     81 x   87
  shelfMask_SE-row0-state14-low      81 x   87
  shelfMask_SE-row0-state15-high     82 x   87
  shelfMask_SE-row0-state15-low      82 x   87
  shelfMask_SE-row0-state16-high     81 x   81
  shelfMask_SE-row0-state16-low      81 x   81
  shelfMask_SE-row0-state17-high     82 x   81
  shelfMask_SE-row0-state17-low      82 x   81
  shelfMask_SE-row0-state18-high     81 x   82
  shelfMask_SE-row0-state18-low      81 x   82
  shelfMask_SE-row0-state19-high     82 x   82
  shelfMask_SE-row0-state19-low      82 x   82
  shelfMask_SE-row0-state20-high     81 x   81
  shelfMask_SE-row0-state20-low      81 x   81
  shelfMask_SE-row0-state21-high     82 x   81
  shelfMask_SE-row0-state21-low      82 x   81
  shelfMask_SE-row0-state22-high     81 x   82
  shelfMask_SE-row0-state22-low      81 x   82
  shelfMask_SE-row0-state23-high     82 x   82
  shelfMask_SE-row0-state23-low      82 x   82
  shelfMask_SE-row0-state24-high     81 x   87
  shelfMask_SE-row0-state24-low      81 x   87
  shelfMask_SE-row0-state25-high     82 x   87
  shelfMask_SE-row0-state25-low      82 x   87
  shelfMask_SE-row0-state26-high     81 x   87
  shelfMask_SE-row0-state26-low      81 x   87
  shelfMask_SE-row0-state27-high     82 x   87
  shelfMask_SE-row0-state27-low      82 x   87
  shelfMask_SE-row0-state28-high     81 x   87
  shelfMask_SE-row0-state28-low      81 x   87
  shelfMask_SE-row0-state29-high     82 x   87
  shelfMask_SE-row0-state29-low      82 x   87
  shelfMask_SE-row0-state30-high     81 x   87
  shelfMask_SE-row0-state30-low      81 x   87
  shelfMask_SE-row0-state31-high     82 x   87
  shelfMask_SE-row0-state31-low      82 x   87
  shelfMask_SE-row0-state32-high     81 x  128
  shelfMask_SE-row0-state32-low      81 x  128
  shelfMask_SE-row0-state33-high     82 x  128
  shelfMask_SE-row0-state33-low      82 x  128
  shelfMask_SE-row0-state34-high     81 x  128
  shelfMask_SE-row0-state34-low      81 x  128
  shelfMask_SE-row0-state35-high     82 x  128
  shelfMask_SE-row0-state35-low      82 x  128
  shelfMask_SE-row0-state36-high     81 x  128
  shelfMask_SE-row0-state36-low      81 x  128
  shelfMask_SE-row0-state37-high     82 x  128
  shelfMask_SE-row0-state37-low      82 x  128
  shelfMask_SE-row0-state38-high     81 x  128
  shelfMask_SE-row0-state38-low      81 x  128
  shelfMask_SE-row0-state39-high     82 x  128
  shelfMask_SE-row0-state39-low      82 x  128
  shelfMask_SE-row0-state40-high     81 x  128
  shelfMask_SE-row0-state40-low      81 x  128
  shelfMask_SE-row0-state41-high     82 x  128
  shelfMask_SE-row0-state41-low      82 x  128
  shelfMask_SE-row0-state42-high     81 x  128
  shelfMask_SE-row0-state42-low      81 x  128
  shelfMask_SE-row0-state43-high     82 x  128
  shelfMask_SE-row0-state43-low      82 x  128
  shelfMask_SE-row0-state44-high     81 x  128
  shelfMask_SE-row0-state44-low      81 x  128
  shelfMask_SE-row0-state45-high     82 x  128
  shelfMask_SE-row0-state45-low      82 x  128
  shelfMask_SE-row0-state46-high     81 x  128
  shelfMask_SE-row0-state46-low      81 x  128
  shelfMask_SE-row0-state47-high     82 x  128
  shelfMask_SE-row0-state47-low      82 x  128
  shelfMask_SE-row0-state48-high     81 x  128
  shelfMask_SE-row0-state48-low      81 x  128
  shelfMask_SE-row0-state49-high     82 x  128
  shelfMask_SE-row0-state49-low      82 x  128
  shelfMask_SE-row0-state50-high     81 x  128
  shelfMask_SE-row0-state50-low      81 x  128
  shelfMask_SE-row0-state51-high     82 x  128
  shelfMask_SE-row0-state51-low      82 x  128
  shelfMask_SE-row0-state52-high     81 x  128
  shelfMask_SE-row0-state52-low      81 x  128
  shelfMask_SE-row0-state53-high     82 x  128
  shelfMask_SE-row0-state53-low      82 x  128
  shelfMask_SE-row0-state54-high     81 x  128
  shelfMask_SE-row0-state54-low      81 x  128
  shelfMask_SE-row0-state55-high     82 x  128
  shelfMask_SE-row0-state55-low      82 x  128
  shelfMask_SE-row0-state56-high     81 x  128
  shelfMask_SE-row0-state56-low      81 x  128
  shelfMask_SE-row0-state57-high     82 x  128
  shelfMask_SE-row0-state57-low      82 x  128
  shelfMask_SE-row0-state58-high     81 x  128
  shelfMask_SE-row0-state58-low      81 x  128
  shelfMask_SE-row0-state59-high     82 x  128
  shelfMask_SE-row0-state59-low      82 x  128
  shelfMask_SE-row0-state60-high     81 x  128
  shelfMask_SE-row0-state60-low      81 x  128
  shelfMask_SE-row0-state61-high     82 x  128
  shelfMask_SE-row0-state61-low      82 x  128
  shelfMask_SE-row0-state62-high     81 x  128
  shelfMask_SE-row0-state62-low      81 x  128
  shelfMask_SE-row0-state63-high     82 x  128
  shelfMask_SE-row0-state63-low      82 x  128
  shelfMask_SE-row1-state01-high     81 x   79
  shelfMask_SE-row1-state01-low      81 x   79
  shelfMask_SE-row1-state02-high     81 x  101
  shelfMask_SE-row1-state02-low      81 x  101
  shelfMask_SE-row1-state03-high     81 x  101
  shelfMask_SE-row1-state03-low      81 x  101
  shelfMask_SE-row1-state04-high     81 x  112
  shelfMask_SE-row1-state04-low      81 x  112
  shelfMask_SE-row1-state05-high     81 x  112
  shelfMask_SE-row1-state05-low      81 x  112
  shelfMask_SE-row1-state06-high     81 x  112
  shelfMask_SE-row1-state06-low      81 x  112
  shelfMask_SE-row1-state07-high     81 x  112
  shelfMask_SE-row1-state07-low      81 x  112
  shelfMask_SE-row1-state08-high     81 x  104
  shelfMask_SE-row1-state08-low      81 x  104
  shelfMask_SE-row1-state09-high     81 x  104
  shelfMask_SE-row1-state09-low      81 x  104
  shelfMask_SE-row1-state10-high     81 x  104
  shelfMask_SE-row1-state10-low      81 x  104
  shelfMask_SE-row1-state11-high     81 x  104
  shelfMask_SE-row1-state11-low      81 x  104
  shelfMask_SE-row1-state12-high     81 x  112
  shelfMask_SE-row1-state12-low      81 x  112
  shelfMask_SE-row1-state13-high     81 x  112
  shelfMask_SE-row1-state13-low      81 x  112
  shelfMask_SE-row1-state14-high     81 x  112
  shelfMask_SE-row1-state14-low      81 x  112
  shelfMask_SE-row1-state15-high     81 x  112
  shelfMask_SE-row1-state15-low      81 x  112
  shelfMask_SE-row1-state16-high     81 x  111
  shelfMask_SE-row1-state16-low      81 x  111
  shelfMask_SE-row1-state17-high     81 x  111
  shelfMask_SE-row1-state17-low      81 x  111
  shelfMask_SE-row1-state18-high     81 x  111
  shelfMask_SE-row1-state18-low      81 x  111
  shelfMask_SE-row1-state19-high     81 x  111
  shelfMask_SE-row1-state19-low      81 x  111
  shelfMask_SE-row1-state20-high     81 x  112
  shelfMask_SE-row1-state20-low      81 x  112
  shelfMask_SE-row1-state21-high     81 x  112
  shelfMask_SE-row1-state21-low      81 x  112
  shelfMask_SE-row1-state22-high     81 x  112
  shelfMask_SE-row1-state22-low      81 x  112
  shelfMask_SE-row1-state23-high     81 x  112
  shelfMask_SE-row1-state23-low      81 x  112
  shelfMask_SE-row1-state24-high     81 x  111
  shelfMask_SE-row1-state24-low      81 x  111
  shelfMask_SE-row1-state25-high     81 x  111
  shelfMask_SE-row1-state25-low      81 x  111
  shelfMask_SE-row1-state26-high     81 x  111
  shelfMask_SE-row1-state26-low      81 x  111
  shelfMask_SE-row1-state27-high     81 x  111
  shelfMask_SE-row1-state27-low      81 x  111
  shelfMask_SE-row1-state28-high     81 x  112
  shelfMask_SE-row1-state28-low      81 x  112
  shelfMask_SE-row1-state29-high     81 x  112
  shelfMask_SE-row1-state29-low      81 x  112
  shelfMask_SE-row1-state30-high     81 x  112
  shelfMask_SE-row1-state30-low      81 x  112
  shelfMask_SE-row1-state31-high     81 x  112
  shelfMask_SE-row1-state31-low      81 x  112
  shelfMask_SE-row1-state32-high     81 x  107
  shelfMask_SE-row1-state32-low      81 x  107
  shelfMask_SE-row1-state33-high     81 x  107
  shelfMask_SE-row1-state33-low      81 x  107
  shelfMask_SE-row1-state34-high     81 x  107
  shelfMask_SE-row1-state34-low      81 x  107
  shelfMask_SE-row1-state35-high     81 x  107
  shelfMask_SE-row1-state35-low      81 x  107
  shelfMask_SE-row1-state36-high     81 x  112
  shelfMask_SE-row1-state36-low      81 x  112
  shelfMask_SE-row1-state37-high     81 x  112
  shelfMask_SE-row1-state37-low      81 x  112
  shelfMask_SE-row1-state38-high     81 x  112
  shelfMask_SE-row1-state38-low      81 x  112
  shelfMask_SE-row1-state39-high     81 x  112
  shelfMask_SE-row1-state39-low      81 x  112
  shelfMask_SE-row1-state40-high     81 x  107
  shelfMask_SE-row1-state40-low      81 x  107
  shelfMask_SE-row1-state41-high     81 x  107
  shelfMask_SE-row1-state41-low      81 x  107
  shelfMask_SE-row1-state42-high     81 x  107
  shelfMask_SE-row1-state42-low      81 x  107
  shelfMask_SE-row1-state43-high     81 x  107
  shelfMask_SE-row1-state43-low      81 x  107
  shelfMask_SE-row1-state44-high     81 x  112
  shelfMask_SE-row1-state44-low      81 x  112
  shelfMask_SE-row1-state45-high     81 x  112
  shelfMask_SE-row1-state45-low      81 x  112
  shelfMask_SE-row1-state46-high     81 x  112
  shelfMask_SE-row1-state46-low      81 x  112
  shelfMask_SE-row1-state47-high     81 x  112
  shelfMask_SE-row1-state47-low      81 x  112
  shelfMask_SE-row1-state48-high     81 x  111
  shelfMask_SE-row1-state48-low      81 x  111
  shelfMask_SE-row1-state49-high     81 x  111
  shelfMask_SE-row1-state49-low      81 x  111
  shelfMask_SE-row1-state50-high     81 x  111
  shelfMask_SE-row1-state50-low      81 x  111
  shelfMask_SE-row1-state51-high     81 x  111
  shelfMask_SE-row1-state51-low      81 x  111
  shelfMask_SE-row1-state52-high     81 x  112
  shelfMask_SE-row1-state52-low      81 x  112
  shelfMask_SE-row1-state53-high     81 x  112
  shelfMask_SE-row1-state53-low      81 x  112
  shelfMask_SE-row1-state54-high     81 x  112
  shelfMask_SE-row1-state54-low      81 x  112
  shelfMask_SE-row1-state55-high     81 x  112
  shelfMask_SE-row1-state55-low      81 x  112
  shelfMask_SE-row1-state56-high     81 x  111
  shelfMask_SE-row1-state56-low      81 x  111
  shelfMask_SE-row1-state57-high     81 x  111
  shelfMask_SE-row1-state57-low      81 x  111
  shelfMask_SE-row1-state58-high     81 x  111
  shelfMask_SE-row1-state58-low      81 x  111
  shelfMask_SE-row1-state59-high     81 x  111
  shelfMask_SE-row1-state59-low      81 x  111
  shelfMask_SE-row1-state60-high     81 x  112
  shelfMask_SE-row1-state60-low      81 x  112
  shelfMask_SE-row1-state61-high     81 x  112
  shelfMask_SE-row1-state61-low      81 x  112
  shelfMask_SE-row1-state62-high     81 x  112
  shelfMask_SE-row1-state62-low      81 x  112
  shelfMask_SE-row1-state63-high     74 x  105
  shelfMask_SE-row1-state63-low      74 x  105
  shelfMask_SE-row2-state01-high     81 x  102
  shelfMask_SE-row2-state01-low      81 x  102
  shelfMask_SE-row2-state02-high     81 x  113
  shelfMask_SE-row2-state02-low      81 x  113
  shelfMask_SE-row2-state03-high     81 x  113
  shelfMask_SE-row2-state03-low      81 x  113
  shelfMask_SE-row2-state04-high     81 x  116
  shelfMask_SE-row2-state04-low      81 x  116
  shelfMask_SE-row2-state05-high     81 x  116
  shelfMask_SE-row2-state05-low      81 x  116
  shelfMask_SE-row2-state06-high     81 x  116
  shelfMask_SE-row2-state06-low      81 x  116
  shelfMask_SE-row2-state07-high     81 x  116
  shelfMask_SE-row2-state07-low      81 x  116
  shelfMask_SE-row2-state08-high     81 x  116
  shelfMask_SE-row2-state08-low      81 x  116
  shelfMask_SE-row2-state09-high     81 x  116
  shelfMask_SE-row2-state09-low      81 x  116
  shelfMask_SE-row2-state10-high     81 x  116
  shelfMask_SE-row2-state10-low      81 x  116
  shelfMask_SE-row2-state11-high     81 x  116
  shelfMask_SE-row2-state11-low      81 x  116
  shelfMask_SE-row2-state12-high     81 x  116
  shelfMask_SE-row2-state12-low      81 x  116
  shelfMask_SE-row2-state13-high     81 x  116
  shelfMask_SE-row2-state13-low      81 x  116
  shelfMask_SE-row2-state14-high     81 x  116
  shelfMask_SE-row2-state14-low      81 x  116
  shelfMask_SE-row2-state15-high     81 x  116
  shelfMask_SE-row2-state15-low      81 x  116
  shelfMask_SE-row2-state16-high     81 x  107
  shelfMask_SE-row2-state16-low      81 x  107
  shelfMask_SE-row2-state17-high     81 x  107
  shelfMask_SE-row2-state17-low      81 x  107
  shelfMask_SE-row2-state18-high     81 x  113
  shelfMask_SE-row2-state18-low      81 x  113
  shelfMask_SE-row2-state19-high     81 x  113
  shelfMask_SE-row2-state19-low      81 x  113
  shelfMask_SE-row2-state20-high     81 x  116
  shelfMask_SE-row2-state20-low      81 x  116
  shelfMask_SE-row2-state21-high     81 x  116
  shelfMask_SE-row2-state21-low      81 x  116
  shelfMask_SE-row2-state22-high     81 x  116
  shelfMask_SE-row2-state22-low      81 x  116
  shelfMask_SE-row2-state23-high     81 x  116
  shelfMask_SE-row2-state23-low      81 x  116
  shelfMask_SE-row2-state24-high     81 x  116
  shelfMask_SE-row2-state24-low      81 x  116
  shelfMask_SE-row2-state25-high     81 x  116
  shelfMask_SE-row2-state25-low      81 x  116
  shelfMask_SE-row2-state26-high     81 x  116
  shelfMask_SE-row2-state26-low      81 x  116
  shelfMask_SE-row2-state27-high     81 x  116
  shelfMask_SE-row2-state27-low      81 x  116
  shelfMask_SE-row2-state28-high     81 x  116
  shelfMask_SE-row2-state28-low      81 x  116
  shelfMask_SE-row2-state29-high     81 x  116
  shelfMask_SE-row2-state29-low      81 x  116
  shelfMask_SE-row2-state30-high     81 x  116
  shelfMask_SE-row2-state30-low      81 x  116
  shelfMask_SE-row2-state31-high     81 x  116
  shelfMask_SE-row2-state31-low      81 x  116
  shelfMask_SE-row2-state32-high     81 x  113
  shelfMask_SE-row2-state32-low      81 x  113
  shelfMask_SE-row2-state33-high     81 x  113
  shelfMask_SE-row2-state33-low      81 x  113
  shelfMask_SE-row2-state34-high     81 x  113
  shelfMask_SE-row2-state34-low      81 x  113
  shelfMask_SE-row2-state35-high     81 x  113
  shelfMask_SE-row2-state35-low      81 x  113
  shelfMask_SE-row2-state36-high     81 x  116
  shelfMask_SE-row2-state36-low      81 x  116
  shelfMask_SE-row2-state37-high     81 x  116
  shelfMask_SE-row2-state37-low      81 x  116
  shelfMask_SE-row2-state38-high     81 x  116
  shelfMask_SE-row2-state38-low      81 x  116
  shelfMask_SE-row2-state39-high     81 x  116
  shelfMask_SE-row2-state39-low      81 x  116
  shelfMask_SE-row2-state40-high     81 x  116
  shelfMask_SE-row2-state40-low      81 x  116
  shelfMask_SE-row2-state41-high     81 x  116
  shelfMask_SE-row2-state41-low      81 x  116
  shelfMask_SE-row2-state42-high     81 x  116
  shelfMask_SE-row2-state42-low      81 x  116
  shelfMask_SE-row2-state43-high     81 x  116
  shelfMask_SE-row2-state43-low      81 x  116
  shelfMask_SE-row2-state44-high     81 x  116
  shelfMask_SE-row2-state44-low      81 x  116
  shelfMask_SE-row2-state45-high     81 x  116
  shelfMask_SE-row2-state45-low      81 x  116
  shelfMask_SE-row2-state46-high     81 x  116
  shelfMask_SE-row2-state46-low      81 x  116
  shelfMask_SE-row2-state47-high     81 x  116
  shelfMask_SE-row2-state47-low      81 x  116
  shelfMask_SE-row2-state48-high     81 x  113
  shelfMask_SE-row2-state48-low      81 x  113
  shelfMask_SE-row2-state49-high     81 x  113
  shelfMask_SE-row2-state49-low      81 x  113
  shelfMask_SE-row2-state50-high     81 x  113
  shelfMask_SE-row2-state50-low      81 x  113
  shelfMask_SE-row2-state51-high     81 x  113
  shelfMask_SE-row2-state51-low      81 x  113
  shelfMask_SE-row2-state52-high     81 x  116
  shelfMask_SE-row2-state52-low      81 x  116
  shelfMask_SE-row2-state53-high     81 x  116
  shelfMask_SE-row2-state53-low      81 x  116
  shelfMask_SE-row2-state54-high     81 x  116
  shelfMask_SE-row2-state54-low      81 x  116
  shelfMask_SE-row2-state55-high     81 x  116
  shelfMask_SE-row2-state55-low      81 x  116
  shelfMask_SE-row2-state56-high     81 x  116
  shelfMask_SE-row2-state56-low      81 x  116
  shelfMask_SE-row2-state57-high     81 x  116
  shelfMask_SE-row2-state57-low      81 x  116
  shelfMask_SE-row2-state58-high     81 x  116
  shelfMask_SE-row2-state58-low      81 x  116
  shelfMask_SE-row2-state59-high     81 x  116
  shelfMask_SE-row2-state59-low      81 x  116
  shelfMask_SE-row2-state60-high     81 x  116
  shelfMask_SE-row2-state60-low      81 x  116
  shelfMask_SE-row2-state61-high     81 x  116
  shelfMask_SE-row2-state61-low      81 x  116
  shelfMask_SE-row2-state62-high     81 x  116
  shelfMask_SE-row2-state62-low      81 x  116
  shelfMask_SE-row2-state63-high     76 x  110
  shelfMask_SE-row2-state63-low      76 x  110
  shelfMask_SE-row3-state01-high     83 x  126
  shelfMask_SE-row3-state01-low      83 x  126
  shelfMask_SE-row3-state02-high     81 x  126
  shelfMask_SE-row3-state02-low      81 x  126
  shelfMask_SE-row3-state03-high     83 x  126
  shelfMask_SE-row3-state03-low      83 x  126
  shelfMask_SE-row3-state04-high     81 x  126
  shelfMask_SE-row3-state04-low      81 x  126
  shelfMask_SE-row3-state05-high     83 x  126
  shelfMask_SE-row3-state05-low      83 x  126
  shelfMask_SE-row3-state06-high     81 x  126
  shelfMask_SE-row3-state06-low      81 x  126
  shelfMask_SE-row3-state07-high     83 x  126
  shelfMask_SE-row3-state07-low      83 x  126
  shelfMask_SE-row3-state08-high     81 x  126
  shelfMask_SE-row3-state08-low      81 x  126
  shelfMask_SE-row3-state09-high     83 x  126
  shelfMask_SE-row3-state09-low      83 x  126
  shelfMask_SE-row3-state10-high     81 x  126
  shelfMask_SE-row3-state10-low      81 x  126
  shelfMask_SE-row3-state11-high     83 x  126
  shelfMask_SE-row3-state11-low      83 x  126
  shelfMask_SE-row3-state12-high     81 x  126
  shelfMask_SE-row3-state12-low      81 x  126
  shelfMask_SE-row3-state13-high     83 x  126
  shelfMask_SE-row3-state13-low      83 x  126
  shelfMask_SE-row3-state14-high     81 x  126
  shelfMask_SE-row3-state14-low      81 x  126
  shelfMask_SE-row3-state15-high     83 x  126
  shelfMask_SE-row3-state15-low      83 x  126
  shelfMask_SE-row3-state16-high     81 x  132
  shelfMask_SE-row3-state16-low      81 x  132
  shelfMask_SE-row3-state17-high     83 x  132
  shelfMask_SE-row3-state17-low      83 x  132
  shelfMask_SE-row3-state18-high     81 x  132
  shelfMask_SE-row3-state18-low      81 x  132
  shelfMask_SE-row3-state19-high     83 x  132
  shelfMask_SE-row3-state19-low      83 x  132
  shelfMask_SE-row3-state20-high     81 x  132
  shelfMask_SE-row3-state20-low      81 x  132
  shelfMask_SE-row3-state21-high     83 x  132
  shelfMask_SE-row3-state21-low      83 x  132
  shelfMask_SE-row3-state22-high     81 x  132
  shelfMask_SE-row3-state22-low      81 x  132
  shelfMask_SE-row3-state23-high     83 x  132
  shelfMask_SE-row3-state23-low      83 x  132
  shelfMask_SE-row3-state24-high     81 x  132
  shelfMask_SE-row3-state24-low      81 x  132
  shelfMask_SE-row3-state25-high     83 x  132
  shelfMask_SE-row3-state25-low      83 x  132
  shelfMask_SE-row3-state26-high     81 x  132
  shelfMask_SE-row3-state26-low      81 x  132
  shelfMask_SE-row3-state27-high     83 x  132
  shelfMask_SE-row3-state27-low      83 x  132
  shelfMask_SE-row3-state28-high     81 x  132
  shelfMask_SE-row3-state28-low      81 x  132
  shelfMask_SE-row3-state29-high     83 x  132
  shelfMask_SE-row3-state29-low      83 x  132
  shelfMask_SE-row3-state30-high     81 x  132
  shelfMask_SE-row3-state30-low      81 x  132
  shelfMask_SE-row3-state31-high     83 x  132
  shelfMask_SE-row3-state31-low      83 x  132
  shelfMask_SE-row3-state32-high     81 x  142
  shelfMask_SE-row3-state32-low      81 x  142
  shelfMask_SE-row3-state33-high     83 x  142
  shelfMask_SE-row3-state33-low      83 x  142
  shelfMask_SE-row3-state34-high     81 x  142
  shelfMask_SE-row3-state34-low      81 x  142
  shelfMask_SE-row3-state35-high     83 x  142
  shelfMask_SE-row3-state35-low      83 x  142
  shelfMask_SE-row3-state36-high     81 x  142
  shelfMask_SE-row3-state36-low      81 x  142
  shelfMask_SE-row3-state37-high     83 x  142
  shelfMask_SE-row3-state37-low      83 x  142
  shelfMask_SE-row3-state38-high     81 x  142
  shelfMask_SE-row3-state38-low      81 x  142
  shelfMask_SE-row3-state39-high     83 x  142
  shelfMask_SE-row3-state39-low      83 x  142
  shelfMask_SE-row3-state40-high     81 x  142
  shelfMask_SE-row3-state40-low      81 x  142
  shelfMask_SE-row3-state41-high     83 x  142
  shelfMask_SE-row3-state41-low      83 x  142
  shelfMask_SE-row3-state42-high     81 x  142
  shelfMask_SE-row3-state42-low      81 x  142
  shelfMask_SE-row3-state43-high     83 x  142
  shelfMask_SE-row3-state43-low      83 x  142
  shelfMask_SE-row3-state44-high     81 x  142
  shelfMask_SE-row3-state44-low      81 x  142
  shelfMask_SE-row3-state45-high     83 x  142
  shelfMask_SE-row3-state45-low      83 x  142
  shelfMask_SE-row3-state46-high     81 x  142
  shelfMask_SE-row3-state46-low      81 x  142
  shelfMask_SE-row3-state47-high     83 x  142
  shelfMask_SE-row3-state47-low      83 x  142
  shelfMask_SE-row3-state48-high     81 x  142
  shelfMask_SE-row3-state48-low      81 x  142
  shelfMask_SE-row3-state49-high     83 x  142
  shelfMask_SE-row3-state49-low      83 x  142
  shelfMask_SE-row3-state50-high     81 x  142
  shelfMask_SE-row3-state50-low      81 x  142
  shelfMask_SE-row3-state51-high     83 x  142
  shelfMask_SE-row3-state51-low      83 x  142
  shelfMask_SE-row3-state52-high     81 x  142
  shelfMask_SE-row3-state52-low      81 x  142
  shelfMask_SE-row3-state53-high     83 x  142
  shelfMask_SE-row3-state53-low      83 x  142
  shelfMask_SE-row3-state54-high     81 x  142
  shelfMask_SE-row3-state54-low      81 x  142
  shelfMask_SE-row3-state55-high     83 x  142
  shelfMask_SE-row3-state55-low      83 x  142
  shelfMask_SE-row3-state56-high     81 x  142
  shelfMask_SE-row3-state56-low      81 x  142
  shelfMask_SE-row3-state57-high     83 x  142
  shelfMask_SE-row3-state57-low      83 x  142
  shelfMask_SE-row3-state58-high     81 x  142
  shelfMask_SE-row3-state58-low      81 x  142
  shelfMask_SE-row3-state59-high     83 x  142
  shelfMask_SE-row3-state59-low      83 x  142
  shelfMask_SE-row3-state60-high     81 x  142
  shelfMask_SE-row3-state60-low      81 x  142
  shelfMask_SE-row3-state61-high     83 x  142
  shelfMask_SE-row3-state61-low      83 x  142
  shelfMask_SE-row3-state62-high     81 x  142
  shelfMask_SE-row3-state62-low      81 x  142
  shelfMask_SE-row3-state63-high     83 x  142
  shelfMask_SE-row3-state63-low      83 x  142
  shelfMask_SW-base                 192 x  240
  shelfMask_SW-row0-state01-high     77 x  102
  shelfMask_SW-row0-state01-low      77 x  102
  shelfMask_SW-row0-state02-high     77 x  101
  shelfMask_SW-row0-state02-low      77 x  101
  shelfMask_SW-row0-state03-high     77 x  102
  shelfMask_SW-row0-state03-low      77 x  102
  shelfMask_SW-row0-state04-high     77 x  102
  shelfMask_SW-row0-state04-low      77 x  102
  shelfMask_SW-row0-state05-high     77 x  103
  shelfMask_SW-row0-state05-low      77 x  103
  shelfMask_SW-row0-state06-high     77 x  102
  shelfMask_SW-row0-state06-low      77 x  102
  shelfMask_SW-row0-state07-high     77 x  103
  shelfMask_SW-row0-state07-low      77 x  103
  shelfMask_SW-row0-state08-high     77 x  100
  shelfMask_SW-row0-state08-low      77 x  100
  shelfMask_SW-row0-state09-high     77 x  102
  shelfMask_SW-row0-state09-low      77 x  102
  shelfMask_SW-row0-state10-high     77 x  101
  shelfMask_SW-row0-state10-low      77 x  101
  shelfMask_SW-row0-state11-high     77 x  102
  shelfMask_SW-row0-state11-low      77 x  102
  shelfMask_SW-row0-state12-high     77 x  102
  shelfMask_SW-row0-state12-low      77 x  102
  shelfMask_SW-row0-state13-high     77 x  103
  shelfMask_SW-row0-state13-low      77 x  103
  shelfMask_SW-row0-state14-high     77 x  102
  shelfMask_SW-row0-state14-low      77 x  102
  shelfMask_SW-row0-state15-high     77 x  103
  shelfMask_SW-row0-state15-low      77 x  103
  shelfMask_SW-row0-state16-high     77 x   97
  shelfMask_SW-row0-state16-low      77 x   97
  shelfMask_SW-row0-state17-high     77 x  102
  shelfMask_SW-row0-state17-low      77 x  102
  shelfMask_SW-row0-state18-high     77 x  101
  shelfMask_SW-row0-state18-low      77 x  101
  shelfMask_SW-row0-state19-high     77 x  102
  shelfMask_SW-row0-state19-low      77 x  102
  shelfMask_SW-row0-state20-high     77 x  102
  shelfMask_SW-row0-state20-low      77 x  102
  shelfMask_SW-row0-state21-high     77 x  103
  shelfMask_SW-row0-state21-low      77 x  103
  shelfMask_SW-row0-state22-high     77 x  102
  shelfMask_SW-row0-state22-low      77 x  102
  shelfMask_SW-row0-state23-high     77 x  103
  shelfMask_SW-row0-state23-low      77 x  103
  shelfMask_SW-row0-state24-high     77 x  100
  shelfMask_SW-row0-state24-low      77 x  100
  shelfMask_SW-row0-state25-high     77 x  102
  shelfMask_SW-row0-state25-low      77 x  102
  shelfMask_SW-row0-state26-high     77 x  101
  shelfMask_SW-row0-state26-low      77 x  101
  shelfMask_SW-row0-state27-high     77 x  102
  shelfMask_SW-row0-state27-low      77 x  102
  shelfMask_SW-row0-state28-high     77 x  102
  shelfMask_SW-row0-state28-low      77 x  102
  shelfMask_SW-row0-state29-high     77 x  103
  shelfMask_SW-row0-state29-low      77 x  103
  shelfMask_SW-row0-state30-high     77 x  102
  shelfMask_SW-row0-state30-low      77 x  102
  shelfMask_SW-row0-state31-high     77 x  103
  shelfMask_SW-row0-state31-low      77 x  103
  shelfMask_SW-row0-state32-high     77 x   92
  shelfMask_SW-row0-state32-low      77 x   92
  shelfMask_SW-row0-state33-high     77 x  102
  shelfMask_SW-row0-state33-low      77 x  102
  shelfMask_SW-row0-state34-high     77 x  101
  shelfMask_SW-row0-state34-low      77 x  101
  shelfMask_SW-row0-state35-high     77 x  102
  shelfMask_SW-row0-state35-low      77 x  102
  shelfMask_SW-row0-state36-high     77 x  102
  shelfMask_SW-row0-state36-low      77 x  102
  shelfMask_SW-row0-state37-high     77 x  103
  shelfMask_SW-row0-state37-low      77 x  103
  shelfMask_SW-row0-state38-high     77 x  102
  shelfMask_SW-row0-state38-low      77 x  102
  shelfMask_SW-row0-state39-high     77 x  103
  shelfMask_SW-row0-state39-low      77 x  103
  shelfMask_SW-row0-state40-high     77 x  100
  shelfMask_SW-row0-state40-low      77 x  100
  shelfMask_SW-row0-state41-high     77 x  102
  shelfMask_SW-row0-state41-low      77 x  102
  shelfMask_SW-row0-state42-high     77 x  101
  shelfMask_SW-row0-state42-low      77 x  101
  shelfMask_SW-row0-state43-high     77 x  102
  shelfMask_SW-row0-state43-low      77 x  102
  shelfMask_SW-row0-state44-high     77 x  102
  shelfMask_SW-row0-state44-low      77 x  102
  shelfMask_SW-row0-state45-high     77 x  103
  shelfMask_SW-row0-state45-low      77 x  103
  shelfMask_SW-row0-state46-high     77 x  102
  shelfMask_SW-row0-state46-low      77 x  102
  shelfMask_SW-row0-state47-high     77 x  103
  shelfMask_SW-row0-state47-low      77 x  103
  shelfMask_SW-row0-state48-high     77 x   97
  shelfMask_SW-row0-state48-low      77 x   97
  shelfMask_SW-row0-state49-high     77 x  102
  shelfMask_SW-row0-state49-low      77 x  102
  shelfMask_SW-row0-state50-high     77 x  101
  shelfMask_SW-row0-state50-low      77 x  101
  shelfMask_SW-row0-state51-high     77 x  102
  shelfMask_SW-row0-state51-low      77 x  102
  shelfMask_SW-row0-state52-high     77 x  102
  shelfMask_SW-row0-state52-low      77 x  102
  shelfMask_SW-row0-state53-high     77 x  103
  shelfMask_SW-row0-state53-low      77 x  103
  shelfMask_SW-row0-state54-high     77 x  102
  shelfMask_SW-row0-state54-low      77 x  102
  shelfMask_SW-row0-state55-high     77 x  103
  shelfMask_SW-row0-state55-low      77 x  103
  shelfMask_SW-row0-state56-high     77 x  100
  shelfMask_SW-row0-state56-low      77 x  100
  shelfMask_SW-row0-state57-high     77 x  102
  shelfMask_SW-row0-state57-low      77 x  102
  shelfMask_SW-row0-state58-high     77 x  101
  shelfMask_SW-row0-state58-low      77 x  101
  shelfMask_SW-row0-state59-high     77 x  102
  shelfMask_SW-row0-state59-low      77 x  102
  shelfMask_SW-row0-state60-high     77 x  102
  shelfMask_SW-row0-state60-low      77 x  102
  shelfMask_SW-row0-state61-high     77 x  103
  shelfMask_SW-row0-state61-low      77 x  103
  shelfMask_SW-row0-state62-high     77 x  102
  shelfMask_SW-row0-state62-low      77 x  102
  shelfMask_SW-row0-state63-high     77 x  103
  shelfMask_SW-row0-state63-low      77 x  103
  shelfMask_SW-row1-state01-high     77 x  128
  shelfMask_SW-row1-state01-low      77 x  128
  shelfMask_SW-row1-state02-high     77 x  127
  shelfMask_SW-row1-state02-low      77 x  127
  shelfMask_SW-row1-state03-high     77 x  128
  shelfMask_SW-row1-state03-low      77 x  128
  shelfMask_SW-row1-state04-high     77 x  127
  shelfMask_SW-row1-state04-low      77 x  127
  shelfMask_SW-row1-state05-high     77 x  128
  shelfMask_SW-row1-state05-low      77 x  128
  shelfMask_SW-row1-state06-high     77 x  127
  shelfMask_SW-row1-state06-low      77 x  127
  shelfMask_SW-row1-state07-high     77 x  128
  shelfMask_SW-row1-state07-low      77 x  128
  shelfMask_SW-row1-state08-high     77 x  127
  shelfMask_SW-row1-state08-low      77 x  127
  shelfMask_SW-row1-state09-high     77 x  128
  shelfMask_SW-row1-state09-low      77 x  128
  shelfMask_SW-row1-state10-high     77 x  127
  shelfMask_SW-row1-state10-low      77 x  127
  shelfMask_SW-row1-state11-high     77 x  128
  shelfMask_SW-row1-state11-low      77 x  128
  shelfMask_SW-row1-state12-high     77 x  127
  shelfMask_SW-row1-state12-low      77 x  127
  shelfMask_SW-row1-state13-high     77 x  128
  shelfMask_SW-row1-state13-low      77 x  128
  shelfMask_SW-row1-state14-high     77 x  127
  shelfMask_SW-row1-state14-low      77 x  127
  shelfMask_SW-row1-state15-high     77 x  128
  shelfMask_SW-row1-state15-low      77 x  128
  shelfMask_SW-row1-state16-high     77 x  123
  shelfMask_SW-row1-state16-low      77 x  123
  shelfMask_SW-row1-state17-high     77 x  128
  shelfMask_SW-row1-state17-low      77 x  128
  shelfMask_SW-row1-state18-high     77 x  127
  shelfMask_SW-row1-state18-low      77 x  127
  shelfMask_SW-row1-state19-high     77 x  128
  shelfMask_SW-row1-state19-low      77 x  128
  shelfMask_SW-row1-state20-high     77 x  127
  shelfMask_SW-row1-state20-low      77 x  127
  shelfMask_SW-row1-state21-high     77 x  128
  shelfMask_SW-row1-state21-low      77 x  128
  shelfMask_SW-row1-state22-high     77 x  127
  shelfMask_SW-row1-state22-low      77 x  127
  shelfMask_SW-row1-state23-high     77 x  128
  shelfMask_SW-row1-state23-low      77 x  128
  shelfMask_SW-row1-state24-high     77 x  127
  shelfMask_SW-row1-state24-low      77 x  127
  shelfMask_SW-row1-state25-high     77 x  128
  shelfMask_SW-row1-state25-low      77 x  128
  shelfMask_SW-row1-state26-high     77 x  127
  shelfMask_SW-row1-state26-low      77 x  127
  shelfMask_SW-row1-state27-high     77 x  128
  shelfMask_SW-row1-state27-low      77 x  128
  shelfMask_SW-row1-state28-high     77 x  127
  shelfMask_SW-row1-state28-low      77 x  127
  shelfMask_SW-row1-state29-high     77 x  128
  shelfMask_SW-row1-state29-low      77 x  128
  shelfMask_SW-row1-state30-high     77 x  127
  shelfMask_SW-row1-state30-low      77 x  127
  shelfMask_SW-row1-state31-high     77 x  128
  shelfMask_SW-row1-state31-low      77 x  128
  shelfMask_SW-row1-state32-high     77 x   90
  shelfMask_SW-row1-state32-low      77 x   90
  shelfMask_SW-row1-state33-high     77 x  128
  shelfMask_SW-row1-state33-low      77 x  128
  shelfMask_SW-row1-state34-high     77 x  127
  shelfMask_SW-row1-state34-low      77 x  127
  shelfMask_SW-row1-state35-high     77 x  128
  shelfMask_SW-row1-state35-low      77 x  128
  shelfMask_SW-row1-state36-high     77 x  127
  shelfMask_SW-row1-state36-low      77 x  127
  shelfMask_SW-row1-state37-high     77 x  128
  shelfMask_SW-row1-state37-low      77 x  128
  shelfMask_SW-row1-state38-high     77 x  127
  shelfMask_SW-row1-state38-low      77 x  127
  shelfMask_SW-row1-state39-high     77 x  128
  shelfMask_SW-row1-state39-low      77 x  128
  shelfMask_SW-row1-state40-high     77 x  127
  shelfMask_SW-row1-state40-low      77 x  127
  shelfMask_SW-row1-state41-high     77 x  128
  shelfMask_SW-row1-state41-low      77 x  128
  shelfMask_SW-row1-state42-high     77 x  127
  shelfMask_SW-row1-state42-low      77 x  127
  shelfMask_SW-row1-state43-high     77 x  128
  shelfMask_SW-row1-state43-low      77 x  128
  shelfMask_SW-row1-state44-high     77 x  127
  shelfMask_SW-row1-state44-low      77 x  127
  shelfMask_SW-row1-state45-high     77 x  128
  shelfMask_SW-row1-state45-low      77 x  128
  shelfMask_SW-row1-state46-high     77 x  127
  shelfMask_SW-row1-state46-low      77 x  127
  shelfMask_SW-row1-state47-high     77 x  128
  shelfMask_SW-row1-state47-low      77 x  128
  shelfMask_SW-row1-state48-high     77 x  123
  shelfMask_SW-row1-state48-low      77 x  123
  shelfMask_SW-row1-state49-high     77 x  128
  shelfMask_SW-row1-state49-low      77 x  128
  shelfMask_SW-row1-state50-high     77 x  127
  shelfMask_SW-row1-state50-low      77 x  127
  shelfMask_SW-row1-state51-high     77 x  128
  shelfMask_SW-row1-state51-low      77 x  128
  shelfMask_SW-row1-state52-high     77 x  127
  shelfMask_SW-row1-state52-low      77 x  127
  shelfMask_SW-row1-state53-high     77 x  128
  shelfMask_SW-row1-state53-low      77 x  128
  shelfMask_SW-row1-state54-high     77 x  127
  shelfMask_SW-row1-state54-low      77 x  127
  shelfMask_SW-row1-state55-high     77 x  128
  shelfMask_SW-row1-state55-low      77 x  128
  shelfMask_SW-row1-state56-high     77 x  127
  shelfMask_SW-row1-state56-low      77 x  127
  shelfMask_SW-row1-state57-high     77 x  128
  shelfMask_SW-row1-state57-low      77 x  128
  shelfMask_SW-row1-state58-high     77 x  127
  shelfMask_SW-row1-state58-low      77 x  127
  shelfMask_SW-row1-state59-high     77 x  128
  shelfMask_SW-row1-state59-low      77 x  128
  shelfMask_SW-row1-state60-high     77 x  127
  shelfMask_SW-row1-state60-low      77 x  127
  shelfMask_SW-row1-state61-high     77 x  128
  shelfMask_SW-row1-state61-low      77 x  128
  shelfMask_SW-row1-state62-high     77 x  127
  shelfMask_SW-row1-state62-low      77 x  127
  shelfMask_SW-row1-state63-high     61 x  113
  shelfMask_SW-row1-state63-low      61 x  113
  shelfMask_SW-row2-state01-high     77 x  132
  shelfMask_SW-row2-state01-low      77 x  132
  shelfMask_SW-row2-state02-high     77 x  133
  shelfMask_SW-row2-state02-low      77 x  133
  shelfMask_SW-row2-state03-high     77 x  133
  shelfMask_SW-row2-state03-low      77 x  133
  shelfMask_SW-row2-state04-high     77 x  133
  shelfMask_SW-row2-state04-low      77 x  133
  shelfMask_SW-row2-state05-high     77 x  133
  shelfMask_SW-row2-state05-low      77 x  133
  shelfMask_SW-row2-state06-high     77 x  133
  shelfMask_SW-row2-state06-low      77 x  133
  shelfMask_SW-row2-state07-high     77 x  133
  shelfMask_SW-row2-state07-low      77 x  133
  shelfMask_SW-row2-state08-high     77 x  134
  shelfMask_SW-row2-state08-low      77 x  134
  shelfMask_SW-row2-state09-high     77 x  134
  shelfMask_SW-row2-state09-low      77 x  134
  shelfMask_SW-row2-state10-high     77 x  134
  shelfMask_SW-row2-state10-low      77 x  134
  shelfMask_SW-row2-state11-high     77 x  134
  shelfMask_SW-row2-state11-low      77 x  134
  shelfMask_SW-row2-state12-high     77 x  134
  shelfMask_SW-row2-state12-low      77 x  134
  shelfMask_SW-row2-state13-high     77 x  134
  shelfMask_SW-row2-state13-low      77 x  134
  shelfMask_SW-row2-state14-high     77 x  134
  shelfMask_SW-row2-state14-low      77 x  134
  shelfMask_SW-row2-state15-high     77 x  134
  shelfMask_SW-row2-state15-low      77 x  134
  shelfMask_SW-row2-state16-high     77 x  133
  shelfMask_SW-row2-state16-low      77 x  133
  shelfMask_SW-row2-state17-high     77 x  133
  shelfMask_SW-row2-state17-low      77 x  133
  shelfMask_SW-row2-state18-high     77 x  133
  shelfMask_SW-row2-state18-low      77 x  133
  shelfMask_SW-row2-state19-high     77 x  133
  shelfMask_SW-row2-state19-low      77 x  133
  shelfMask_SW-row2-state20-high     77 x  133
  shelfMask_SW-row2-state20-low      77 x  133
  shelfMask_SW-row2-state21-high     77 x  133
  shelfMask_SW-row2-state21-low      77 x  133
  shelfMask_SW-row2-state22-high     77 x  133
  shelfMask_SW-row2-state22-low      77 x  133
  shelfMask_SW-row2-state23-high     77 x  133
  shelfMask_SW-row2-state23-low      77 x  133
  shelfMask_SW-row2-state24-high     77 x  134
  shelfMask_SW-row2-state24-low      77 x  134
  shelfMask_SW-row2-state25-high     77 x  134
  shelfMask_SW-row2-state25-low      77 x  134
  shelfMask_SW-row2-state26-high     77 x  134
  shelfMask_SW-row2-state26-low      77 x  134
  shelfMask_SW-row2-state27-high     77 x  134
  shelfMask_SW-row2-state27-low      77 x  134
  shelfMask_SW-row2-state28-high     77 x  134
  shelfMask_SW-row2-state28-low      77 x  134
  shelfMask_SW-row2-state29-high     77 x  134
  shelfMask_SW-row2-state29-low      77 x  134
  shelfMask_SW-row2-state30-high     77 x  134
  shelfMask_SW-row2-state30-low      77 x  134
  shelfMask_SW-row2-state31-high     77 x  134
  shelfMask_SW-row2-state31-low      77 x  134
  shelfMask_SW-row2-state32-high     77 x  107
  shelfMask_SW-row2-state32-low      77 x  107
  shelfMask_SW-row2-state33-high     77 x  132
  shelfMask_SW-row2-state33-low      77 x  132
  shelfMask_SW-row2-state34-high     77 x  133
  shelfMask_SW-row2-state34-low      77 x  133
  shelfMask_SW-row2-state35-high     77 x  133
  shelfMask_SW-row2-state35-low      77 x  133
  shelfMask_SW-row2-state36-high     77 x  133
  shelfMask_SW-row2-state36-low      77 x  133
  shelfMask_SW-row2-state37-high     77 x  133
  shelfMask_SW-row2-state37-low      77 x  133
  shelfMask_SW-row2-state38-high     77 x  133
  shelfMask_SW-row2-state38-low      77 x  133
  shelfMask_SW-row2-state39-high     77 x  133
  shelfMask_SW-row2-state39-low      77 x  133
  shelfMask_SW-row2-state40-high     77 x  134
  shelfMask_SW-row2-state40-low      77 x  134
  shelfMask_SW-row2-state41-high     77 x  134
  shelfMask_SW-row2-state41-low      77 x  134
  shelfMask_SW-row2-state42-high     77 x  134
  shelfMask_SW-row2-state42-low      77 x  134
  shelfMask_SW-row2-state43-high     77 x  134
  shelfMask_SW-row2-state43-low      77 x  134
  shelfMask_SW-row2-state44-high     77 x  134
  shelfMask_SW-row2-state44-low      77 x  134
  shelfMask_SW-row2-state45-high     77 x  134
  shelfMask_SW-row2-state45-low      77 x  134
  shelfMask_SW-row2-state46-high     77 x  134
  shelfMask_SW-row2-state46-low      77 x  134
  shelfMask_SW-row2-state47-high     77 x  134
  shelfMask_SW-row2-state47-low      77 x  134
  shelfMask_SW-row2-state48-high     77 x  133
  shelfMask_SW-row2-state48-low      77 x  133
  shelfMask_SW-row2-state49-high     77 x  133
  shelfMask_SW-row2-state49-low      77 x  133
  shelfMask_SW-row2-state50-high     77 x  133
  shelfMask_SW-row2-state50-low      77 x  133
  shelfMask_SW-row2-state51-high     77 x  133
  shelfMask_SW-row2-state51-low      77 x  133
  shelfMask_SW-row2-state52-high     77 x  133
  shelfMask_SW-row2-state52-low      77 x  133
  shelfMask_SW-row2-state53-high     77 x  133
  shelfMask_SW-row2-state53-low      77 x  133
  shelfMask_SW-row2-state54-high     77 x  133
  shelfMask_SW-row2-state54-low      77 x  133
  shelfMask_SW-row2-state55-high     77 x  133
  shelfMask_SW-row2-state55-low      77 x  133
  shelfMask_SW-row2-state56-high     77 x  134
  shelfMask_SW-row2-state56-low      77 x  134
  shelfMask_SW-row2-state57-high     77 x  134
  shelfMask_SW-row2-state57-low      77 x  134
  shelfMask_SW-row2-state58-high     77 x  134
  shelfMask_SW-row2-state58-low      77 x  134
  shelfMask_SW-row2-state59-high     77 x  134
  shelfMask_SW-row2-state59-low      77 x  134
  shelfMask_SW-row2-state60-high     77 x  134
  shelfMask_SW-row2-state60-low      77 x  134
  shelfMask_SW-row2-state61-high     77 x  134
  shelfMask_SW-row2-state61-low      77 x  134
  shelfMask_SW-row2-state62-high     77 x  134
  shelfMask_SW-row2-state62-low      77 x  134
  shelfMask_SW-row2-state63-high     61 x  116
  shelfMask_SW-row2-state63-low      61 x  116
  shelfMask_SW-row3-state01-high     77 x  137
  shelfMask_SW-row3-state01-low      77 x  137
  shelfMask_SW-row3-state02-high     77 x  137
  shelfMask_SW-row3-state02-low      77 x  137
  shelfMask_SW-row3-state03-high     77 x  137
  shelfMask_SW-row3-state03-low      77 x  137
  shelfMask_SW-row3-state04-high     77 x  137
  shelfMask_SW-row3-state04-low      77 x  137
  shelfMask_SW-row3-state05-high     77 x  137
  shelfMask_SW-row3-state05-low      77 x  137
  shelfMask_SW-row3-state06-high     77 x  137
  shelfMask_SW-row3-state06-low      77 x  137
  shelfMask_SW-row3-state07-high     77 x  137
  shelfMask_SW-row3-state07-low      77 x  137
  shelfMask_SW-row3-state08-high     77 x  137
  shelfMask_SW-row3-state08-low      77 x  137
  shelfMask_SW-row3-state09-high     77 x  137
  shelfMask_SW-row3-state09-low      77 x  137
  shelfMask_SW-row3-state10-high     77 x  137
  shelfMask_SW-row3-state10-low      77 x  137
  shelfMask_SW-row3-state11-high     77 x  137
  shelfMask_SW-row3-state11-low      77 x  137
  shelfMask_SW-row3-state12-high     77 x  137
  shelfMask_SW-row3-state12-low      77 x  137
  shelfMask_SW-row3-state13-high     77 x  137
  shelfMask_SW-row3-state13-low      77 x  137
  shelfMask_SW-row3-state14-high     77 x  137
  shelfMask_SW-row3-state14-low      77 x  137
  shelfMask_SW-row3-state15-high     77 x  137
  shelfMask_SW-row3-state15-low      77 x  137
  shelfMask_SW-row3-state16-high     77 x  136
  shelfMask_SW-row3-state16-low      77 x  136
  shelfMask_SW-row3-state17-high     77 x  137
  shelfMask_SW-row3-state17-low      77 x  137
  shelfMask_SW-row3-state18-high     77 x  137
  shelfMask_SW-row3-state18-low      77 x  137
  shelfMask_SW-row3-state19-high     77 x  138
  shelfMask_SW-row3-state19-low      77 x  138
  shelfMask_SW-row3-state20-high     77 x  137
  shelfMask_SW-row3-state20-low      77 x  137
  shelfMask_SW-row3-state21-high     77 x  137
  shelfMask_SW-row3-state21-low      77 x  137
  shelfMask_SW-row3-state22-high     77 x  137
  shelfMask_SW-row3-state22-low      77 x  137
  shelfMask_SW-row3-state23-high     77 x  137
  shelfMask_SW-row3-state23-low      77 x  137
  shelfMask_SW-row3-state24-high     77 x  137
  shelfMask_SW-row3-state24-low      77 x  137
  shelfMask_SW-row3-state25-high     77 x  137
  shelfMask_SW-row3-state25-low      77 x  137
  shelfMask_SW-row3-state26-high     77 x  137
  shelfMask_SW-row3-state26-low      77 x  137
  shelfMask_SW-row3-state27-high     77 x  137
  shelfMask_SW-row3-state27-low      77 x  137
  shelfMask_SW-row3-state28-high     77 x  137
  shelfMask_SW-row3-state28-low      77 x  137
  shelfMask_SW-row3-state29-high     77 x  137
  shelfMask_SW-row3-state29-low      77 x  137
  shelfMask_SW-row3-state30-high     77 x  137
  shelfMask_SW-row3-state30-low      77 x  137
  shelfMask_SW-row3-state31-high     77 x  137
  shelfMask_SW-row3-state31-low      77 x  137
  shelfMask_SW-row3-state32-high     81 x  117
  shelfMask_SW-row3-state32-low      81 x  117
  shelfMask_SW-row3-state33-high     81 x  137
  shelfMask_SW-row3-state33-low      81 x  137
  shelfMask_SW-row3-state34-high     81 x  137
  shelfMask_SW-row3-state34-low      81 x  137
  shelfMask_SW-row3-state35-high     81 x  137
  shelfMask_SW-row3-state35-low      81 x  137
  shelfMask_SW-row3-state36-high     81 x  137
  shelfMask_SW-row3-state36-low      81 x  137
  shelfMask_SW-row3-state37-high     81 x  137
  shelfMask_SW-row3-state37-low      81 x  137
  shelfMask_SW-row3-state38-high     81 x  137
  shelfMask_SW-row3-state38-low      81 x  137
  shelfMask_SW-row3-state39-high     81 x  137
  shelfMask_SW-row3-state39-low      81 x  137
  shelfMask_SW-row3-state40-high     81 x  137
  shelfMask_SW-row3-state40-low      81 x  137
  shelfMask_SW-row3-state41-high     81 x  137
  shelfMask_SW-row3-state41-low      81 x  137
  shelfMask_SW-row3-state42-high     81 x  137
  shelfMask_SW-row3-state42-low      81 x  137
  shelfMask_SW-row3-state43-high     81 x  137
  shelfMask_SW-row3-state43-low      81 x  137
  shelfMask_SW-row3-state44-high     81 x  137
  shelfMask_SW-row3-state44-low      81 x  137
  shelfMask_SW-row3-state45-high     81 x  137
  shelfMask_SW-row3-state45-low      81 x  137
  shelfMask_SW-row3-state46-high     81 x  137
  shelfMask_SW-row3-state46-low      81 x  137
  shelfMask_SW-row3-state47-high     81 x  137
  shelfMask_SW-row3-state47-low      81 x  137
  shelfMask_SW-row3-state48-high     81 x  136
  shelfMask_SW-row3-state48-low      81 x  136
  shelfMask_SW-row3-state49-high     81 x  137
  shelfMask_SW-row3-state49-low      81 x  137
  shelfMask_SW-row3-state50-high     81 x  137
  shelfMask_SW-row3-state50-low      81 x  137
  shelfMask_SW-row3-state51-high     81 x  138
  shelfMask_SW-row3-state51-low      81 x  138
  shelfMask_SW-row3-state52-high     81 x  137
  shelfMask_SW-row3-state52-low      81 x  137
  shelfMask_SW-row3-state53-high     81 x  137
  shelfMask_SW-row3-state53-low      81 x  137
  shelfMask_SW-row3-state54-high     81 x  137
  shelfMask_SW-row3-state54-low      81 x  137
  shelfMask_SW-row3-state55-high     81 x  137
  shelfMask_SW-row3-state55-low      81 x  137
  shelfMask_SW-row3-state56-high     81 x  137
  shelfMask_SW-row3-state56-low      81 x  137
  shelfMask_SW-row3-state57-high     81 x  137
  shelfMask_SW-row3-state57-low      81 x  137
  shelfMask_SW-row3-state58-high     81 x  137
  shelfMask_SW-row3-state58-low      81 x  137
  shelfMask_SW-row3-state59-high     81 x  137
  shelfMask_SW-row3-state59-low      81 x  137
  shelfMask_SW-row3-state60-high     81 x  137
  shelfMask_SW-row3-state60-low      81 x  137
  shelfMask_SW-row3-state61-high     81 x  137
  shelfMask_SW-row3-state61-low      81 x  137
  shelfMask_SW-row3-state62-high     81 x  137
  shelfMask_SW-row3-state62-low      81 x  137
  shelfMask_SW-row3-state63-high     81 x  137
  shelfMask_SW-row3-state63-low      81 x  137
  shelfMask_NW-base                 192 x  240
  shelfMask_NW-row3-state02-high     10 x   10
  shelfMask_NW-row3-state02-low      10 x   10
  shelfMask_NW-row3-state03-high     10 x   10
  shelfMask_NW-row3-state03-low      10 x   10
  shelfMask_NW-row3-state04-high     12 x   11
  shelfMask_NW-row3-state04-low      12 x   11
  shelfMask_NW-row3-state05-high     12 x   11
  shelfMask_NW-row3-state05-low      12 x   11
  shelfMask_NW-row3-state06-high     12 x   12
  shelfMask_NW-row3-state06-low      12 x   12
  shelfMask_NW-row3-state07-high     12 x   12
  shelfMask_NW-row3-state07-low      12 x   12
  shelfMask_NW-row3-state08-high      8 x    7
  shelfMask_NW-row3-state08-low       8 x    7
  shelfMask_NW-row3-state09-high      8 x    7
  shelfMask_NW-row3-state09-low       8 x    7
  shelfMask_NW-row3-state10-high     12 x   12
  shelfMask_NW-row3-state10-low      12 x   12
  shelfMask_NW-row3-state11-high     12 x   12
  shelfMask_NW-row3-state11-low      12 x   12
  shelfMask_NW-row3-state12-high     12 x   11
  shelfMask_NW-row3-state12-low      12 x   11
  shelfMask_NW-row3-state13-high     12 x   11
  shelfMask_NW-row3-state13-low      12 x   11
  shelfMask_NW-row3-state14-high     12 x   12
  shelfMask_NW-row3-state14-low      12 x   12
  shelfMask_NW-row3-state15-high     12 x   12
  shelfMask_NW-row3-state15-low      12 x   12
  shelfMask_NW-row3-state16-high     10 x    9
  shelfMask_NW-row3-state16-low      10 x    9
  shelfMask_NW-row3-state17-high     10 x    9
  shelfMask_NW-row3-state17-low      10 x    9
  shelfMask_NW-row3-state18-high     19 x   13
  shelfMask_NW-row3-state18-low      19 x   13
  shelfMask_NW-row3-state19-high     19 x   13
  shelfMask_NW-row3-state19-low      19 x   13
  shelfMask_NW-row3-state20-high     21 x   15
  shelfMask_NW-row3-state20-low      21 x   15
  shelfMask_NW-row3-state21-high     21 x   15
  shelfMask_NW-row3-state21-low      21 x   15
  shelfMask_NW-row3-state22-high     21 x   15
  shelfMask_NW-row3-state22-low      21 x   15
  shelfMask_NW-row3-state23-high     21 x   15
  shelfMask_NW-row3-state23-low      21 x   15
  shelfMask_NW-row3-state24-high     21 x   15
  shelfMask_NW-row3-state24-low      21 x   15
  shelfMask_NW-row3-state25-high     21 x   15
  shelfMask_NW-row3-state25-low      21 x   15
  shelfMask_NW-row3-state26-high     21 x   15
  shelfMask_NW-row3-state26-low      21 x   15
  shelfMask_NW-row3-state27-high     21 x   15
  shelfMask_NW-row3-state27-low      21 x   15
  shelfMask_NW-row3-state28-high     21 x   15
  shelfMask_NW-row3-state28-low      21 x   15
  shelfMask_NW-row3-state29-high     21 x   15
  shelfMask_NW-row3-state29-low      21 x   15
  shelfMask_NW-row3-state30-high     21 x   15
  shelfMask_NW-row3-state30-low      21 x   15
  shelfMask_NW-row3-state31-high     21 x   15
  shelfMask_NW-row3-state31-low      21 x   15
  shelfMask_NW-row3-state32-high     18 x   14
  shelfMask_NW-row3-state32-low      18 x   14
  shelfMask_NW-row3-state33-high     18 x   14
  shelfMask_NW-row3-state33-low      18 x   14
  shelfMask_NW-row3-state34-high     19 x   14
  shelfMask_NW-row3-state34-low      19 x   14
  shelfMask_NW-row3-state35-high     19 x   14
  shelfMask_NW-row3-state35-low      19 x   14
  shelfMask_NW-row3-state36-high     21 x   15
  shelfMask_NW-row3-state36-low      21 x   15
  shelfMask_NW-row3-state37-high     21 x   15
  shelfMask_NW-row3-state37-low      21 x   15
  shelfMask_NW-row3-state38-high     21 x   15
  shelfMask_NW-row3-state38-low      21 x   15
  shelfMask_NW-row3-state39-high     21 x   15
  shelfMask_NW-row3-state39-low      21 x   15
  shelfMask_NW-row3-state40-high     21 x   15
  shelfMask_NW-row3-state40-low      21 x   15
  shelfMask_NW-row3-state41-high     21 x   15
  shelfMask_NW-row3-state41-low      21 x   15
  shelfMask_NW-row3-state42-high     21 x   15
  shelfMask_NW-row3-state42-low      21 x   15
  shelfMask_NW-row3-state43-high     21 x   15
  shelfMask_NW-row3-state43-low      21 x   15
  shelfMask_NW-row3-state44-high     21 x   15
  shelfMask_NW-row3-state44-low      21 x   15
  shelfMask_NW-row3-state45-high     21 x   15
  shelfMask_NW-row3-state45-low      21 x   15
  shelfMask_NW-row3-state46-high     21 x   15
  shelfMask_NW-row3-state46-low      21 x   15
  shelfMask_NW-row3-state47-high     21 x   15
  shelfMask_NW-row3-state47-low      21 x   15
  shelfMask_NW-row3-state48-high     18 x   14
  shelfMask_NW-row3-state48-low      18 x   14
  shelfMask_NW-row3-state49-high     18 x   14
  shelfMask_NW-row3-state49-low      18 x   14
  shelfMask_NW-row3-state50-high     19 x   14
  shelfMask_NW-row3-state50-low      19 x   14
  shelfMask_NW-row3-state51-high     19 x   14
  shelfMask_NW-row3-state51-low      19 x   14
  shelfMask_NW-row3-state52-high     21 x   15
  shelfMask_NW-row3-state52-low      21 x   15
  shelfMask_NW-row3-state53-high     21 x   15
  shelfMask_NW-row3-state53-low      21 x   15
  shelfMask_NW-row3-state54-high     21 x   15
  shelfMask_NW-row3-state54-low      21 x   15
  shelfMask_NW-row3-state55-high     21 x   15
  shelfMask_NW-row3-state55-low      21 x   15
  shelfMask_NW-row3-state56-high     21 x   15
  shelfMask_NW-row3-state56-low      21 x   15
  shelfMask_NW-row3-state57-high     21 x   15
  shelfMask_NW-row3-state57-low      21 x   15
  shelfMask_NW-row3-state58-high     21 x   15
  shelfMask_NW-row3-state58-low      21 x   15
  shelfMask_NW-row3-state59-high     21 x   15
  shelfMask_NW-row3-state59-low      21 x   15
  shelfMask_NW-row3-state60-high     21 x   15
  shelfMask_NW-row3-state60-low      21 x   15
  shelfMask_NW-row3-state61-high     21 x   15
  shelfMask_NW-row3-state61-low      21 x   15
  shelfMask_NW-row3-state62-high     21 x   15
  shelfMask_NW-row3-state62-low      21 x   15
  shelfMask_NW-row3-state63-high     21 x   15
  shelfMask_NW-row3-state63-low      21 x   15
  shelfMask_NE-base                 192 x  240
  shelfMask_NE-row3-state01-high      9 x    9
  shelfMask_NE-row3-state01-low       9 x    9
  shelfMask_NE-row3-state02-high     11 x   10
  shelfMask_NE-row3-state02-low      11 x   10
  shelfMask_NE-row3-state03-high     22 x   16
  shelfMask_NE-row3-state03-low      22 x   16
  shelfMask_NE-row3-state05-high      9 x    9
  shelfMask_NE-row3-state05-low       9 x    9
  shelfMask_NE-row3-state06-high     11 x   10
  shelfMask_NE-row3-state06-low      11 x   10
  shelfMask_NE-row3-state07-high     22 x   16
  shelfMask_NE-row3-state07-low      22 x   16
  shelfMask_NE-row3-state09-high      9 x    9
  shelfMask_NE-row3-state09-low       9 x    9
  shelfMask_NE-row3-state10-high     11 x   10
  shelfMask_NE-row3-state10-low      11 x   10
  shelfMask_NE-row3-state11-high     22 x   16
  shelfMask_NE-row3-state11-low      22 x   16
  shelfMask_NE-row3-state13-high      9 x    9
  shelfMask_NE-row3-state13-low       9 x    9
  shelfMask_NE-row3-state14-high     11 x   10
  shelfMask_NE-row3-state14-low      11 x   10
  shelfMask_NE-row3-state15-high     22 x   16
  shelfMask_NE-row3-state15-low      22 x   16
  shelfMask_NE-row3-state17-high      9 x    9
  shelfMask_NE-row3-state17-low       9 x    9
  shelfMask_NE-row3-state18-high     11 x   10
  shelfMask_NE-row3-state18-low      11 x   10
  shelfMask_NE-row3-state19-high     22 x   16
  shelfMask_NE-row3-state19-low      22 x   16
  shelfMask_NE-row3-state21-high      9 x    9
  shelfMask_NE-row3-state21-low       9 x    9
  shelfMask_NE-row3-state22-high     11 x   10
  shelfMask_NE-row3-state22-low      11 x   10
  shelfMask_NE-row3-state23-high     22 x   16
  shelfMask_NE-row3-state23-low      22 x   16
  shelfMask_NE-row3-state25-high      9 x    9
  shelfMask_NE-row3-state25-low       9 x    9
  shelfMask_NE-row3-state26-high     11 x   10
  shelfMask_NE-row3-state26-low      11 x   10
  shelfMask_NE-row3-state27-high     22 x   16
  shelfMask_NE-row3-state27-low      22 x   16
  shelfMask_NE-row3-state29-high      9 x    9
  shelfMask_NE-row3-state29-low       9 x    9
  shelfMask_NE-row3-state30-high     11 x   10
  shelfMask_NE-row3-state30-low      11 x   10
  shelfMask_NE-row3-state31-high     22 x   16
  shelfMask_NE-row3-state31-low      22 x   16
  shelfMask_NE-row3-state33-high      9 x    9
  shelfMask_NE-row3-state33-low       9 x    9
  shelfMask_NE-row3-state34-high     11 x   10
  shelfMask_NE-row3-state34-low      11 x   10
  shelfMask_NE-row3-state35-high     22 x   16
  shelfMask_NE-row3-state35-low      22 x   16
  shelfMask_NE-row3-state37-high      9 x    9
  shelfMask_NE-row3-state37-low       9 x    9
  shelfMask_NE-row3-state38-high     11 x   10
  shelfMask_NE-row3-state38-low      11 x   10
  shelfMask_NE-row3-state39-high     22 x   16
  shelfMask_NE-row3-state39-low      22 x   16
  shelfMask_NE-row3-state41-high      9 x    9
  shelfMask_NE-row3-state41-low       9 x    9
  shelfMask_NE-row3-state42-high     11 x   10
  shelfMask_NE-row3-state42-low      11 x   10
  shelfMask_NE-row3-state43-high     22 x   16
  shelfMask_NE-row3-state43-low      22 x   16
  shelfMask_NE-row3-state45-high      9 x    9
  shelfMask_NE-row3-state45-low       9 x    9
  shelfMask_NE-row3-state46-high     11 x   10
  shelfMask_NE-row3-state46-low      11 x   10
  shelfMask_NE-row3-state47-high     22 x   16
  shelfMask_NE-row3-state47-low      22 x   16
  shelfMask_NE-row3-state49-high      9 x    9
  shelfMask_NE-row3-state49-low       9 x    9
  shelfMask_NE-row3-state50-high     11 x   10
  shelfMask_NE-row3-state50-low      11 x   10
  shelfMask_NE-row3-state51-high     22 x   16
  shelfMask_NE-row3-state51-low      22 x   16
  shelfMask_NE-row3-state53-high      9 x    9
  shelfMask_NE-row3-state53-low       9 x    9
  shelfMask_NE-row3-state54-high     11 x   10
  shelfMask_NE-row3-state54-low      11 x   10
  shelfMask_NE-row3-state55-high     22 x   16
  shelfMask_NE-row3-state55-low      22 x   16
  shelfMask_NE-row3-state57-high      9 x    9
  shelfMask_NE-row3-state57-low       9 x    9
  shelfMask_NE-row3-state58-high     11 x   10
  shelfMask_NE-row3-state58-low      11 x   10
  shelfMask_NE-row3-state59-high     22 x   16
  shelfMask_NE-row3-state59-low      22 x   16
  shelfMask_NE-row3-state61-high      9 x    9
  shelfMask_NE-row3-state61-low       9 x    9
  shelfMask_NE-row3-state62-high     11 x   10
  shelfMask_NE-row3-state62-low      11 x   10
  shelfMask_NE-row3-state63-high     22 x   16
  shelfMask_NE-row3-state63-low      22 x   16
  readerSubsetLayer_16ea26c5cb0fe17596878755031f6a53748f870fd8d855d3af1db5f137d5e06a  172 x  154
  readerSubsetLayer_516c3f50a3e34aebee2b2f3f4becc134285c51fd30b30c1734e1af0b4558d9be  172 x  154
  readerSubsetLayer_b227ba697171dbc28e926716274c58a455d36b215ca00522e047ac4a0932788c  172 x  172
  readerSubsetLayer_c4e97def0ab965fb482a48e8a1a08f6a71739fbbef07db01542a44cb2cf201f1  172 x  172
  readerSubsetLayer_1a983fae7098ec3aabc1044ba609fd96884516d5dc057b25fff37d73b1429763  174 x  174
  readerSubsetLayer_c6d02e64a90ac25f089f1d832785fb5bc347f021716d65b481c9318430ebad43  174 x  174
  readerSubsetLayer_bf2820eba054014730abc056c552cfe4dc34bcdccabe455826c9114acc64b13d  174 x  208
  readerSubsetLayer_70d3bf34868f2a2876fd77bb730f0816aa5114a0be5f23851c3e3f2d219f5087  174 x  214
  readerSubsetLayer_df3f619804a92fdb4057192dc43dd748ea778adc52bc498ce80524c014b81119    1 x    1
  readerSubsetLayer_23be9d6ee61f7bcfcf584f3efb038e60792aef0e1e427cc34286e834537fcdc8   69 x  129
  readerSubsetLayer_4a4793168dd42fac85a810d4d1f80d58207b2e9c7f9003882e5c9baa4f2c3b5a   69 x  129
  readerSubsetLayer_7530953e6c9474538ac810a9a25c5e176792253bf3e28a3730e615aee61a8fa7   69 x  129
  readerSubsetLayer_7c1675cd4beddb00f5fb7dc819487d9bf6c789573ddffde3088c47eacec920ec   69 x  135
  readerSubsetLayer_b4d72bec47e4f858a5d6850e33be45c4b6db89c5b9a02fda289f919665631c6b   69 x  135
  readerSubsetLayer_efd3dbe1076c3a7376de2a4f18879b1e1d5d818e7990d311794a61cac1c9f9c2   69 x  135
  readerSubsetLayer_085ca6fc8b9dc21351ead53c786f228db12bb034b7c34b590fa95c539153d627   69 x  148
  readerSubsetLayer_94572e5c5a31ac1bc61cb2afa3bdc74c94589a3157be63ef7e17a94dc2a90a73   69 x  148
  readerSubsetLayer_9ef5e1b3c7b83100d0fa591de1ea854b8c42adb88f704cab23f809904ce56ab3   69 x  148
  readerSubsetLayer_720c8ec7d030b1fd536b83ba3fc44eefcc1e2346d47ba5dec1eb6ad395153e46   69 x  149
  readerSubsetLayer_79dcd4067fee9632e4426f40582a5e841fefd551636c2736077a654b5c8a355e   69 x  149
  readerSubsetLayer_cd6b5c13b085b2c691c188825b3598fc129f0082202c72bd42992afa5eb78add   69 x  149
  readerSubset_SE_0_0               320 x  352
  readerSubset_SE_0_1               320 x  352
  readerSubset_SE_0_2               320 x  352
  readerSubset_SE_0_3               320 x  352
  readerSubset_SE_1_0               320 x  352
  readerSubset_SE_1_1               320 x  352
  readerSubset_SE_1_2               320 x  352
  readerSubset_SE_1_3               320 x  352
  readerSubset_SE_2_0               320 x  352
  readerSubset_SE_2_1               320 x  352
  readerSubset_SE_2_2               320 x  352
  readerSubset_SE_2_3               320 x  352
  readerSubset_NW_0_0               320 x  352
  readerSubset_NW_0_1               320 x  352
  readerSubset_NW_0_2               320 x  352
  readerSubset_NW_0_3               320 x  352
  readerSubset_NW_1_0               320 x  352
  readerSubset_NW_1_1               320 x  352
  readerSubset_NW_1_2               320 x  352
  readerSubset_NW_1_3               320 x  352
  readerSubset_NW_2_0               320 x  352
  readerSubset_NW_2_1               320 x  352
  readerSubset_NW_2_2               320 x  352
  readerSubset_NW_2_3               320 x  352
  readerSubset_SW_0_0               320 x  352
  readerSubset_SW_0_1               320 x  352
  readerSubset_SW_0_2               320 x  352
  readerSubset_SW_0_3               320 x  352
  readerSubset_SW_1_0               320 x  352
  readerSubset_SW_1_1               320 x  352
  readerSubset_SW_1_2               320 x  352
  readerSubset_SW_1_3               320 x  352
  readerSubset_SW_2_0               320 x  352
  readerSubset_SW_2_1               320 x  352
  readerSubset_SW_2_2               320 x  352
  readerSubset_SW_2_3               320 x  352
  readerSubset_NE_0_0               320 x  352
  readerSubset_NE_0_1               320 x  352
  readerSubset_NE_0_2               320 x  352
  readerSubset_NE_0_3               320 x  352
  readerSubset_NE_1_0               320 x  352
  readerSubset_NE_1_1               320 x  352
  readerSubset_NE_1_2               320 x  352
  readerSubset_NE_1_3               320 x  352
  readerSubset_NE_2_0               320 x  352
  readerSubset_NE_2_1               320 x  352
  readerSubset_NE_2_2               320 x  352
  readerSubset_NE_2_3               320 x  352
  readingLayer_armchair_93b784ae37ce7e78db375becfe867fdfb1fafd984481b2b99afe22ccec4a5c7b   95 x  128
  readingLayer_armchair_bb5ff913b40c1f4faccdcf9821d016b2e8958bd8159cfdff224cfe8ea7993e9e   69 x  139
  readingLayer_armchair_df3f619804a92fdb4057192dc43dd748ea778adc52bc498ce80524c014b81119    1 x    1
  readingLayer_armchair_5e6941f83e5c11a4d9c4651ae19fd46b94c282fb7587e15afa8cc15051784fa6  106 x  141
  ownedReading_armchair_SE_0_0      192 x  240
  ownedReading_armchair_SE_1_0      192 x  240
  ownedReading_armchair_SE_2_0      192 x  240
  ownedReading_armchair_SE_3_0      192 x  240
  readingLayer_armchair_e74630f67be07beb7d4bcd584ce9bdad93b7a6ba74d852a4bf3d14ba41cd9bf3   69 x  139
  ownedReading_armchair_SE_0_1      192 x  240
  ownedReading_armchair_SE_1_1      192 x  240
  ownedReading_armchair_SE_2_1      192 x  240
  ownedReading_armchair_SE_3_1      192 x  240
  readingLayer_armchair_630bfd838bd8e4bd5cf3bba466acd2aac053d9c49bf8452e1dfb8376ce136597   69 x  139
  ownedReading_armchair_SE_0_2      192 x  240
  ownedReading_armchair_SE_1_2      192 x  240
  ownedReading_armchair_SE_2_2      192 x  240
  ownedReading_armchair_SE_3_2      192 x  240
  readingLayer_armchair_d9aa9c3768fd0334a77bb4c02f8692c1203da71fe24ba2b673d17b87d8390aeb   95 x  107
  readingLayer_armchair_c1447cafeaf1451150eef5af7b07ffcb09df1065613d249cb3ac187a5a2afa28   69 x  113
  readingLayer_armchair_e2a235948fe29aa9d0d72ef643ee1391716744e6a16d191baf0e36f8cb56c67e  106 x  166
  ownedReading_armchair_NW_0_0      192 x  240
  ownedReading_armchair_NW_1_0      192 x  240
  ownedReading_armchair_NW_2_0      192 x  240
  ownedReading_armchair_NW_3_0      192 x  240
  readingLayer_armchair_2aacc8941b04af3994bcfb6044ce4f17507c642feb686b95dd9808f17285ecaa   69 x  113
  ownedReading_armchair_NW_0_1      192 x  240
  ownedReading_armchair_NW_1_1      192 x  240
  ownedReading_armchair_NW_2_1      192 x  240
  ownedReading_armchair_NW_3_1      192 x  240
  readingLayer_armchair_8a6d481a61ece0612fffe15d282ecae27dd17df5d64999b635ca323a282f2ed9   69 x  113
  ownedReading_armchair_NW_0_2      192 x  240
  ownedReading_armchair_NW_1_2      192 x  240
  ownedReading_armchair_NW_2_2      192 x  240
  ownedReading_armchair_NW_3_2      192 x  240
  readingLayer_armchair_195198d4193de08921f04717a90827d2716b954782d0eec166e7bcc68b5c14d4   95 x  107
  readingLayer_armchair_a92913232dbb3d7570091e1077079c9d6260a70f16d4fa3a009527b64701b79b   69 x  119
  readingLayer_armchair_5082f30a156df26b76d1615b7f70919a3a6d4c61c6300a6a05e9b2e3c481d833  106 x  172
  ownedReading_armchair_SW_0_0      192 x  240
  ownedReading_armchair_SW_1_0      192 x  240
  ownedReading_armchair_SW_2_0      192 x  240
  ownedReading_armchair_SW_3_0      192 x  240
  readingLayer_armchair_82b9ab00b624c33aeb694285fd8df096e2cc9c2ccf4506a34ad09d44de7d5c5c   69 x  119
  ownedReading_armchair_SW_0_1      192 x  240
  ownedReading_armchair_SW_1_1      192 x  240
  ownedReading_armchair_SW_2_1      192 x  240
  ownedReading_armchair_SW_3_1      192 x  240
  readingLayer_armchair_13485deb9ea6ade9a4b2c12d04f01b9187aa9036257e0813ef9539f11f387fc3   69 x  119
  ownedReading_armchair_SW_0_2      192 x  240
  ownedReading_armchair_SW_1_2      192 x  240
  ownedReading_armchair_SW_2_2      192 x  240
  ownedReading_armchair_SW_3_2      192 x  240
  readingLayer_armchair_f2c019ef82ab6490a26b30d2ee34466edbdbef3cd6e43a059eb350d696521094   95 x  128
  readingLayer_armchair_b9164e5398a897e59ab70fcdcf98eafede8b7e73144d3021b66ecdde8d78f051   69 x  138
  readingLayer_armchair_d3e35c7c174ee4f6c794a87046c1c6d0b6d4ec7ba6bbd3c687c1325d009e764a  106 x  140
  ownedReading_armchair_NE_0_0      192 x  240
  ownedReading_armchair_NE_1_0      192 x  240
  ownedReading_armchair_NE_2_0      192 x  240
  ownedReading_armchair_NE_3_0      192 x  240
  readingLayer_armchair_8ce85c1af30e1f04dc0bc71fc674fca26668aee294fc1cb9c60d5ee535ce1ba7   69 x  138
  ownedReading_armchair_NE_0_1      192 x  240
  ownedReading_armchair_NE_1_1      192 x  240
  ownedReading_armchair_NE_2_1      192 x  240
  ownedReading_armchair_NE_3_1      192 x  240
  readingLayer_armchair_bbabaec37d19ddd98255d0475b3c7e5f8348665ee416218342c46edb79aa43c3   69 x  138
  ownedReading_armchair_NE_0_2      192 x  240
  ownedReading_armchair_NE_1_2      192 x  240
  ownedReading_armchair_NE_2_2      192 x  240
  ownedReading_armchair_NE_3_2      192 x  240
  readingLayer_carryIdle_df3f619804a92fdb4057192dc43dd748ea778adc52bc498ce80524c014b81119    1 x    1
  readingLayer_carryIdle_d1c5d4ec0cec58ccc38acb707c65972801614cc6d6785b51f5306308b280a508   69 x  149
  readingLayer_carryIdle_16229ce2ff947ed13f300251a3bf5a725b855fc0911105a2e393d37f848f8837   71 x  151
  ownedReading_carryIdle_SE_0_0     192 x  240
  ownedReading_carryIdle_SE_1_0     192 x  240
  ownedReading_carryIdle_SE_2_0     192 x  240
  ownedReading_carryIdle_SE_3_0     192 x  240
  readingLayer_carryIdle_1c112d9a20901109bea3db96101307cf41f3dd83488456153d3fbf62a925e4fa   69 x  149
  ownedReading_carryIdle_SE_0_1     192 x  240
  ownedReading_carryIdle_SE_1_1     192 x  240
  ownedReading_carryIdle_SE_2_1     192 x  240
  ownedReading_carryIdle_SE_3_1     192 x  240
  readingLayer_carryIdle_0537681d6682d83831e1cdb12648c31fb393f38f1603f2e38d6ab66607d0a8f5   69 x  149
  ownedReading_carryIdle_SE_0_2     192 x  240
  ownedReading_carryIdle_SE_1_2     192 x  240
  ownedReading_carryIdle_SE_2_2     192 x  240
  ownedReading_carryIdle_SE_3_2     192 x  240
  readingLayer_carryIdle_aa89a3c13a3d622eb6d2eba3f077e52cec5c6c1254bc46078e53a6a0a1f9b2bf   69 x  165
  readingLayer_carryIdle_82ef046b278248fb6c583c1972db73bb3018a823b80ace7aa6a2104ee06e5773   71 x  167
  ownedReading_carryIdle_NW_0_0     192 x  240
  ownedReading_carryIdle_NW_1_0     192 x  240
  ownedReading_carryIdle_NW_2_0     192 x  240
  ownedReading_carryIdle_NW_3_0     192 x  240
  readingLayer_carryIdle_c2b80afb81d762ed739ba26537aa6fa7d1d76147806463899954121d9766bc11   69 x  165
  ownedReading_carryIdle_NW_0_1     192 x  240
  ownedReading_carryIdle_NW_1_1     192 x  240
  ownedReading_carryIdle_NW_2_1     192 x  240
  ownedReading_carryIdle_NW_3_1     192 x  240
  readingLayer_carryIdle_48609b3cf098c0f6f7f48b756fc8b42296d1e53e41479cb66dad062d5fcd8baf   69 x  165
  ownedReading_carryIdle_NW_0_2     192 x  240
  ownedReading_carryIdle_NW_1_2     192 x  240
  ownedReading_carryIdle_NW_2_2     192 x  240
  ownedReading_carryIdle_NW_3_2     192 x  240
  readingLayer_carryIdle_14e1935d87648cbe08f6e45fd483a2ab646ecab40e3f13748ced4439a3cdaf09   69 x  171
  readingLayer_carryIdle_4949f5f42be35ab48ef98cf3d023092e995ed42dc660d42568eeec1f57ad8f7e   71 x  173
  ownedReading_carryIdle_SW_0_0     192 x  240
  ownedReading_carryIdle_SW_1_0     192 x  240
  ownedReading_carryIdle_SW_2_0     192 x  240
  ownedReading_carryIdle_SW_3_0     192 x  240
  readingLayer_carryIdle_09d8797fca8b550d043fb44faadc442293a9b75a3877ec154a2771c406a89cc8   69 x  171
  ownedReading_carryIdle_SW_0_1     192 x  240
  ownedReading_carryIdle_SW_1_1     192 x  240
  ownedReading_carryIdle_SW_2_1     192 x  240
  ownedReading_carryIdle_SW_3_1     192 x  240
  readingLayer_carryIdle_7f1638f5f1721d0cd3e2301be758f6e95b3aa962af974a693ecfe645b0a5ac47   69 x  171
  ownedReading_carryIdle_SW_0_2     192 x  240
  ownedReading_carryIdle_SW_1_2     192 x  240
  ownedReading_carryIdle_SW_2_2     192 x  240
  ownedReading_carryIdle_SW_3_2     192 x  240
  readingLayer_carryIdle_7d7fb608a4f6283904b06aad1175d9ebe8719357773ed2527f3954eb343d4f84   69 x  148
  readingLayer_carryIdle_2d99a993e532777f25b120e5ce035fe6638dd27d547edd701bf6666833b14962   71 x  150
  ownedReading_carryIdle_NE_0_0     192 x  240
  ownedReading_carryIdle_NE_1_0     192 x  240
  ownedReading_carryIdle_NE_2_0     192 x  240
  ownedReading_carryIdle_NE_3_0     192 x  240
  readingLayer_carryIdle_4258872a6fa56cc2a778dd018431536b65cf3e43ecbf7a42f863629a366973b7   69 x  148
  ownedReading_carryIdle_NE_0_1     192 x  240
  ownedReading_carryIdle_NE_1_1     192 x  240
  ownedReading_carryIdle_NE_2_1     192 x  240
  ownedReading_carryIdle_NE_3_1     192 x  240
  readingLayer_carryIdle_9ec88cc053f5738d3e93eed62c2dc2e025c3f16594acb74268d1cb1bb7eea414   69 x  148
  ownedReading_carryIdle_NE_0_2     192 x  240
  ownedReading_carryIdle_NE_1_2     192 x  240
  ownedReading_carryIdle_NE_2_2     192 x  240
  ownedReading_carryIdle_NE_3_2     192 x  240
  readingLayer_carryWalk_df3f619804a92fdb4057192dc43dd748ea778adc52bc498ce80524c014b81119    1 x    1
  readingLayer_carryWalk_543b61a043448aceaf51f5fee6843d089a7f92401e85ee2625c8e1fea66aef95   84 x  146
  readingLayer_carryWalk_c2edc6c779c78deb658e2c79bb7de1b6e1658b89562ffc0cb74ec6d8ee085838   86 x  148
  ownedReading_carryWalk_SE_0_0     192 x  240
  readingLayer_carryWalk_01ed19401765abce4adfa66036cf5ce5c93c5cc942849752dbeff85976891113   84 x  146
  ownedReading_carryWalk_SE_0_1     192 x  240
  readingLayer_carryWalk_f1fa9f222ea7ea3382a9c8c6c24082758b0b324355826f4b990e40f203c8f5d5   84 x  146
  ownedReading_carryWalk_SE_0_2     192 x  240
  readingLayer_carryWalk_5e11332e36f5cdc1330ee1b13292c2518cec9d8c271b937b2da5fcc9626d3a8b   84 x  161
  readingLayer_carryWalk_2cb3ea3c5a4f04ed31909112d2cee60efecd2b38c0a324e78c471957a208b591   86 x  163
  ownedReading_carryWalk_NW_0_0     192 x  240
  readingLayer_carryWalk_5f1a6cd074a6a7a0de290139fba986d85d97e068084b4e2326b2e9ad8d1f0560   84 x  161
  ownedReading_carryWalk_NW_0_1     192 x  240
  readingLayer_carryWalk_035a5e607ac9eb68d8d696cd6b5a17781f024e1decd041fc51c3580770e5344e   84 x  161
  ownedReading_carryWalk_NW_0_2     192 x  240
  readingLayer_carryWalk_3d4b3f04981560d19cf48093bda98bd7944826f1f2ba41bbd733d0f7030e13b7   69 x  177
  readingLayer_carryWalk_eeb7d73cbeedca12a019389f023b3259a2438f529b681e788d547e2165a9c9c5   71 x  179
  ownedReading_carryWalk_SW_0_0     192 x  240
  readingLayer_carryWalk_c7c2d21d8fdbb23265f90cb07c1e4457afe6cc8b402151421dfe4499acb54e0d   69 x  177
  ownedReading_carryWalk_SW_0_1     192 x  240
  readingLayer_carryWalk_925e89cb09afb04efcc2f9cacef342284cd7f6ce5c3470b7e63295d3c391cb5c   69 x  177
  ownedReading_carryWalk_SW_0_2     192 x  240
  readingLayer_carryWalk_c1969bf241447c0aef857a5218085127d53ebe2505f35d97c4188f6055af5df1   69 x  156
  readingLayer_carryWalk_224dbd0c93a5cccc66f4ffc500ce4c8545280aed0691a30c94a235d696341d90   71 x  158
  ownedReading_carryWalk_NE_0_0     192 x  240
  readingLayer_carryWalk_c1a5e007bc96bf3609c9b3e4a06d060ee60ba0e1981f5417a95f042da60b11dc   69 x  156
  ownedReading_carryWalk_NE_0_1     192 x  240
  readingLayer_carryWalk_13250c80aed76270bf57b6d2bf6ad7a29aad0ad6058b821d83b4451643bb566b   69 x  156
  ownedReading_carryWalk_NE_0_2     192 x  240
  readingLayer_carryWalk_34e01c0ac06adf20d20edf8b4fa5ebebbb6f2e255953b338ceaa06f4034d78fc   75 x  142
  readingLayer_carryWalk_2cd9c02c3bef53c3382a97fb3d4297e2a0789f11c790a4708153ddd40f81bc47   77 x  144
  ownedReading_carryWalk_SE_1_0     192 x  240
  readingLayer_carryWalk_f643660ebfdc291b44d415e0f094b072686475bb3425ab2db26e9e9b7b314720   75 x  142
  ownedReading_carryWalk_SE_1_1     192 x  240
  readingLayer_carryWalk_aa626953d4cb1dffb231f42b511bdc4148bdf86f0bc8788e6c32c91929687704   75 x  142
  ownedReading_carryWalk_SE_1_2     192 x  240
  readingLayer_carryWalk_4a6eb753a8df68c6d4fd0639633f8f593231b080815f547fa93b7e7d11278bf9   75 x  156
  readingLayer_carryWalk_53d1847127b750734d6baab7325a1d43307d242378a6fdea122cf0ac29a755dd   77 x  158
  ownedReading_carryWalk_NW_1_0     192 x  240
  readingLayer_carryWalk_82077e3489df9e85dd617e9959aa6c31946da3f91aa1eec1bca09168c652ea4f   75 x  156
  ownedReading_carryWalk_NW_1_1     192 x  240
  readingLayer_carryWalk_c9e55de1623b2f32baaba50b506fb7dd3147d4c3218696b8280398c6193fe62f   75 x  156
  ownedReading_carryWalk_NW_1_2     192 x  240
  readingLayer_carryWalk_f0e83bbba55a2c81477eed3fcff440eea2bc05ab829f237cd30d6cf2a7cf7540   69 x  170
  readingLayer_carryWalk_a5b117ae55ffac5fc780e21ce89fc0f9b80bfc4c5669876ec72d81eb09bdd48a   71 x  172
  ownedReading_carryWalk_SW_1_0     192 x  240
  readingLayer_carryWalk_9c3c2fb07c1bca18dabf588a846c90d7a13b550a74a080380c3eafef86371dfb   69 x  170
  ownedReading_carryWalk_SW_1_1     192 x  240
  readingLayer_carryWalk_c066da9f244849051a23cf92054488b64eb1e69527d913988e88cb4ab01c1d9c   69 x  170
  ownedReading_carryWalk_SW_1_2     192 x  240
  readingLayer_carryWalk_0c32d47533e09cced033d0ee77ca69bf2a897232cc251aa601d4954c2787e74d   69 x  151
  readingLayer_carryWalk_db00ab05ed2ce04fd75c46badb1ff53d60ada5be909caeedc7dae5286f59a856   71 x  153
  ownedReading_carryWalk_NE_1_0     192 x  240
  readingLayer_carryWalk_9a6586a4ac1c574d3d2db89f8cde0d86f690ca8d7fd1b80c067b3f2025f2bbab   69 x  151
  ownedReading_carryWalk_NE_1_1     192 x  240
  readingLayer_carryWalk_89d33c050287e136c2afd1410d329636135089b9f7a3d1ce01b8d0db17bd4e71   69 x  151
  ownedReading_carryWalk_NE_1_2     192 x  240
  readingLayer_carryWalk_a829f936869bd8d780f226dda963359f2cd3f7231b33c3e0b2eefeb1ec24b8fd   69 x  143
  readingLayer_carryWalk_7ab15aadd109e8e0c08a288b68f86558fd697b9d7373a7d45d012780426fc0ad   71 x  145
  ownedReading_carryWalk_SE_2_0     192 x  240
  readingLayer_carryWalk_1b3923c9c717a064150968391964e714e11382655d8badca0bbcafdd756bdfe6   69 x  143
  ownedReading_carryWalk_SE_2_1     192 x  240
  readingLayer_carryWalk_9e21afd513b54ae69877efc797a32713f83b892e1bbbbee90bc346d180eb5940   69 x  143
  ownedReading_carryWalk_SE_2_2     192 x  240
  readingLayer_carryWalk_0375819d2d4b22f3a8b12a541d4e3c6093d9360e01eb31689ccc7088c963e243   69 x  164
  readingLayer_carryWalk_7af5c59a82d194a21f8dc578ca5bb0605707589b2a17fef42425c0049d76a2ff   71 x  166
  ownedReading_carryWalk_NW_2_0     192 x  240
  readingLayer_carryWalk_da8f8efc16ebd1a5df2876699ad1e8c3e7bed0e4990b825662b7f5471a481241   69 x  164
  ownedReading_carryWalk_NW_2_1     192 x  240
  readingLayer_carryWalk_fd1dc3be4b580c33a55f7946cad99bd6c9835185952622dcb2245ca6e26e3777   69 x  164
  ownedReading_carryWalk_NW_2_2     192 x  240
  readingLayer_carryWalk_1cf947804e5414ffd4439a89000186c4540a4dcc3acacce083a9d4cf4c5a3fcc   69 x  164
  readingLayer_carryWalk_2dd2a05fafa05a1dd6219859d6874a0c76fb81edf567c5e3648f317587569cd6   71 x  166
  ownedReading_carryWalk_SW_2_0     192 x  240
  readingLayer_carryWalk_a1d8ab07efa161c029a90fa561e4d7811d773a13af31c8fcaa9bf4eaedc2ac3f   69 x  164
  ownedReading_carryWalk_SW_2_1     192 x  240
  readingLayer_carryWalk_89646eb780e3d84cdfd558a5d7b8ed9876d1d2b4328450e7710c2d1c09c8b89b   69 x  164
  ownedReading_carryWalk_SW_2_2     192 x  240
  readingLayer_carryWalk_438c61ac1ceaf2c62fac6c978b8971414bebeb829454526e85185a2753b31764   69 x  147
  readingLayer_carryWalk_31eba9686efdd6b0b9de814614497deec3ee19ed88ed7126a82302ca47fd547a   71 x  149
  ownedReading_carryWalk_NE_2_0     192 x  240
  readingLayer_carryWalk_20da263babe30138a85960efe1a62ebaddfe3071b7c936a312c6438239dcdcc2   69 x  147
  ownedReading_carryWalk_NE_2_1     192 x  240
  readingLayer_carryWalk_e5ba4ca91e699ea8baafec0df639494ada2b58a3d06807ad4d7dac50214213a8   69 x  147
  ownedReading_carryWalk_NE_2_2     192 x  240
  readingLayer_carryWalk_f84561afc17964300f5f6962c9f9ec22165dd40affa99ac3eda3427904f00b6d   69 x  148
  readingLayer_carryWalk_258d2e63d6b9e1d3a09bc36409fd9af53362c764690abfdc9d6144f46f8a29f3   71 x  150
  ownedReading_carryWalk_SE_3_0     192 x  240
  readingLayer_carryWalk_c20899ff3b7e7f647edca5dd067dd903bafcdddd1918c82809c426850322d033   69 x  148
  ownedReading_carryWalk_SE_3_1     192 x  240
  readingLayer_carryWalk_2c773e2c27c793ddf87c5e3745550072a28ececce1d827fce1e7311c608fbffc   69 x  148
  ownedReading_carryWalk_SE_3_2     192 x  240
  readingLayer_carryWalk_50ef9b82fa187bd0215ec810b537d6b876df68d076800c234db063ce7b92ec3c   69 x  167
  readingLayer_carryWalk_e468eb84b677d39d5377016fb3e5927941b4b2b0fff3f90703e701b86135de5c   71 x  169
  ownedReading_carryWalk_NW_3_0     192 x  240
  readingLayer_carryWalk_49ab9b9718a250ed54827ade03fa896cd735557f97052b91c7f87d7c6a5c07ec   69 x  167
  ownedReading_carryWalk_NW_3_1     192 x  240
  readingLayer_carryWalk_c22365da0eacf0a333fee1fa8c3625eb3a442b5c9ae6071f89eef86a89b817b6   69 x  167
  ownedReading_carryWalk_NW_3_2     192 x  240
  readingLayer_carryWalk_2bb2f1d3d13ea8b885def68339f725501f04bce9b81a691282bc3f779bf0f188   76 x  163
  readingLayer_carryWalk_e551987d9453f377b82e73ce63ffe0089a33d0a054cc3952e6559b03945a3dc7   78 x  165
  ownedReading_carryWalk_SW_3_0     192 x  240
  readingLayer_carryWalk_977ef9eca0565f7039492e6d3e7e61386bbd1f217f87b8701426642522abd697   76 x  163
  ownedReading_carryWalk_SW_3_1     192 x  240
  readingLayer_carryWalk_c306de40cfc0fac8b954d38499b2ed2df86517468a2da9d3629115dda55ea41f   76 x  163
  ownedReading_carryWalk_SW_3_2     192 x  240
  readingLayer_carryWalk_6dea434197c88d8736ae632fff18b5c21facbd4112ee05abfec9d2f452398edb   76 x  141
  readingLayer_carryWalk_9784ff2baceffb2f34ff4d81bb3217c710fedac0618a31bd7667a2ddff40cc67   78 x  143
  ownedReading_carryWalk_NE_3_0     192 x  240
  readingLayer_carryWalk_515c0ec8cb04ae7c41c4cc8148357a0a5535f78edaf712cf8badbd556a80eb2b   76 x  141
  ownedReading_carryWalk_NE_3_1     192 x  240
  readingLayer_carryWalk_56097d3c8f468103415963b8bb9298f2823d0d5f3f6cf1e9440e2f01b7f43861   76 x  141
  ownedReading_carryWalk_NE_3_2     192 x  240
  readingLayer_carryWalk_d6c427e8fcb072c328a63b026283539635651a62d2d0e52de3f0a505980488e9   69 x  157
  readingLayer_carryWalk_3435060d602d7cab49e90a2f67d3af3cfde15c53c6ca4f2d2c441ec5ad2566ab   71 x  159
  ownedReading_carryWalk_SE_4_0     192 x  240
  readingLayer_carryWalk_bfef4e845bbadd2e328c7f8f1b303b0256451ca2adb0b9a5996ee7bdb0d80135   69 x  157
  ownedReading_carryWalk_SE_4_1     192 x  240
  readingLayer_carryWalk_b8368fec8ddc88718fe5f1119f6edb774e067dc58b79c1b1a0f431176e916922   69 x  157
  ownedReading_carryWalk_SE_4_2     192 x  240
  readingLayer_carryWalk_ae43369a7ebbf888c4f84c9618e8c029de80e54796527944eeac5911d92be62c   69 x  171
  readingLayer_carryWalk_f662c7ac86063309a131c81b33b772e07c9fbbe7ba11919c2a53dabd7daf0be3   71 x  173
  ownedReading_carryWalk_NW_4_0     192 x  240
  readingLayer_carryWalk_5e12635d4a962228b590d9d03d9bfb60d26cde278ec23f13df0e5c3f10f5f1a8   69 x  171
  ownedReading_carryWalk_NW_4_1     192 x  240
  readingLayer_carryWalk_45438541dd81050bad146f2107181d9174bf5e8ee838c4af411e77e9f7d30eb6   69 x  171
  ownedReading_carryWalk_NW_4_2     192 x  240
  readingLayer_carryWalk_343a197fa7e9d3aa2a964849e86a3d9c543d8df04d0904ca389a3026b8e6bfac   84 x  167
  readingLayer_carryWalk_6f170bf3424ac60c8c8c445fc95d337d93f691c96f329973052eed9400a66201   86 x  169
  ownedReading_carryWalk_SW_4_0     192 x  240
  readingLayer_carryWalk_3b1d7bbae4e011557e54fa72731e510053a66eb1c7485a33ad303b6bec11d76d   84 x  167
  ownedReading_carryWalk_SW_4_1     192 x  240
  readingLayer_carryWalk_41d4cce46a86cc4455bbfcd40274468c8b7258281f95210d1e61dbe9541958fe   84 x  167
  ownedReading_carryWalk_SW_4_2     192 x  240
  readingLayer_carryWalk_57158964a6b3b4da2e170fa0fd492970119c1fe67559f76cfbf0666324897a45   84 x  145
  readingLayer_carryWalk_45684445f422e5e11e22b2ca1abca158753c17336333b1685cdabb2ad6913128   86 x  147
  ownedReading_carryWalk_NE_4_0     192 x  240
  readingLayer_carryWalk_e618c7b40e3a345381a335d9d6178eccef3b57d0a8bd7e7dc8e5966dd0ea86b3   84 x  145
  ownedReading_carryWalk_NE_4_1     192 x  240
  readingLayer_carryWalk_ea20b6730e1290225595de8d1e06be71824a24312cbdc4109bcf06b33ebd04c5   84 x  145
  ownedReading_carryWalk_NE_4_2     192 x  240
  readingLayer_carryWalk_28f78f559c1f1c6a251db46393ac8f56540bc6370bc11c8deb597816d1c4e9de   69 x  152
  readingLayer_carryWalk_cbfda3cd5f941b0eba2cba0488795c3080166369e7d405b0642c2f2cf2749739   71 x  154
  ownedReading_carryWalk_SE_5_0     192 x  240
  readingLayer_carryWalk_ca1fb35eb0d55be6145fbafcf3218e630e0c18937503a9f7d7a1b0bc7e078aa5   69 x  152
  ownedReading_carryWalk_SE_5_1     192 x  240
  readingLayer_carryWalk_3dca7c1a5a557c439dcbe620210ab5bfe2c41ae0eb957b8bf083079703bab695   69 x  152
  ownedReading_carryWalk_SE_5_2     192 x  240
  readingLayer_carryWalk_61e37cb0d33a7d67bdb0ea51ef083cad67247a7beb8310e2579415e0b0e3691e   69 x  163
  readingLayer_carryWalk_ad73d37249dfbcac5716c2a3bc026ae277a6ee5b77fc30a3835bb06f06f3eec2   71 x  165
  ownedReading_carryWalk_NW_5_0     192 x  240
  readingLayer_carryWalk_9220ad0f93a906317772668f44cbeebcdf4ddde5cb346af1978aa62465c5fe8d   69 x  163
  ownedReading_carryWalk_NW_5_1     192 x  240
  readingLayer_carryWalk_859261f7d7cdb76c2cce16d3397b6546beab622b5c61cf776f033e240cf0220b   69 x  163
  ownedReading_carryWalk_NW_5_2     192 x  240
  readingLayer_carryWalk_34e539f4b13d9beae77b18736d95fd8e39d9b38f7c78c50569ab15507b9a024a   75 x  163
  readingLayer_carryWalk_2da3d35c7db8144db35a309b7202f3b9b83c8db69047d68e849df7d3c0aee6c7   77 x  165
  ownedReading_carryWalk_SW_5_0     192 x  240
  readingLayer_carryWalk_74dc15647a7b56d1cbfc9998f8a89efd58ef06c3869001218d730f453c057734   75 x  163
  ownedReading_carryWalk_SW_5_1     192 x  240
  readingLayer_carryWalk_54216960472819f65c2aa20f81e39ff4d322caeef2441084536fe12df9d53e46   75 x  163
  ownedReading_carryWalk_SW_5_2     192 x  240
  readingLayer_carryWalk_0aaa7bc152eaa7969ae50a5db67d45a000987e590559ede7e3ee0429981b7090   75 x  141
  readingLayer_carryWalk_e542dd918aeec71e6765365d11744bb96937ab9eeda05858849f2c54a4e99764   77 x  143
  ownedReading_carryWalk_NE_5_0     192 x  240
  readingLayer_carryWalk_ec6682ad886d4c695a6bc5333d298e4dab1cdd58dfddd8e6cc944c9f3df5e8e1   75 x  141
  ownedReading_carryWalk_NE_5_1     192 x  240
  readingLayer_carryWalk_3bad1c280da98714927c04054f64ec82cfe798c82f1559028d04ec710099aae3   75 x  141
  ownedReading_carryWalk_NE_5_2     192 x  240
  readingLayer_carryWalk_bd59045bc45b424441b6dca56f6069d3be1bbe8947e6f6f0146c6cef486ebfeb   69 x  149
  readingLayer_carryWalk_fc09a68141283d4d24aafca1a872b0808f90f5cea022923b35334fc01582e3cb   71 x  151
  ownedReading_carryWalk_SE_6_0     192 x  240
  readingLayer_carryWalk_14443fa303b77d0ac0ff97902b57645563d3674490adc939ba29bb915c686d4b   69 x  149
  ownedReading_carryWalk_SE_6_1     192 x  240
  readingLayer_carryWalk_0a0bc099a602bb4bd36e52389434f253d805563d10de40d4aa6a7f87b47cfd07   69 x  149
  ownedReading_carryWalk_SE_6_2     192 x  240
  readingLayer_carryWalk_9196562a83bafb9888fddeda75055fc05b87a6824b6e46212e3cb18ea593bf28   69 x  158
  readingLayer_carryWalk_02a69ce263b0e031c81800a02187162b975a7967bb2ab947ffdfe5236a7d7bf7   71 x  160
  ownedReading_carryWalk_NW_6_0     192 x  240
  readingLayer_carryWalk_5ea51763565ef8b4ed6611e1eb1cb4cc7d5696fe3c214b0d3d63b664435210d6   69 x  158
  ownedReading_carryWalk_NW_6_1     192 x  240
  readingLayer_carryWalk_64937c2b818ffd09770ee6b33a88c14754ea41192c79275ea104c4a5186c4bae   69 x  158
  ownedReading_carryWalk_NW_6_2     192 x  240
  readingLayer_carryWalk_cd9838a201d90e1acc9ae25c9b59b6a13bd891682f433a9142e1ca3798704da5   69 x  170
  readingLayer_carryWalk_89c7337d06f8a72f1204b3728db0000ff6ae4c33232d9cb0b20ed9b706ff9b3f   71 x  172
  ownedReading_carryWalk_SW_6_0     192 x  240
  readingLayer_carryWalk_4dd20aa9c597f2bc45ce11c0256202121d8ee2408ab9c8e830e30c2a715a7e6d   69 x  170
  ownedReading_carryWalk_SW_6_1     192 x  240
  readingLayer_carryWalk_96f7d27157ecde0451203d3e60be14fe9a75f0b1e341336640f631f0a55fb47c   69 x  170
  ownedReading_carryWalk_SW_6_2     192 x  240
  readingLayer_carryWalk_d46b8bf59b90a3e54f91da57d23aa93797af4453c9410d2bda1ac18effc99641   69 x  141
  readingLayer_carryWalk_919f79a5865f4a0e56b10367b8b8b9e6bb3ff6ab3a651ff3ca0e9fd1674d64be   71 x  143
  ownedReading_carryWalk_NE_6_0     192 x  240
  readingLayer_carryWalk_aa377d46033c0386289e710cd248c5a074e9d0490b7c492ddcc5867c79bb7149   69 x  141
  ownedReading_carryWalk_NE_6_1     192 x  240
  readingLayer_carryWalk_c585e727ae547bdfb45e2c9ab2eb19c8f84591baf93f5004de0c5dec3ce1fe39   69 x  141
  ownedReading_carryWalk_NE_6_2     192 x  240
  readingLayer_carryWalk_227d70cc9293e7e8e0f7951991498715a1df518e35b3fa24a675c2a917fc5387   76 x  142
  readingLayer_carryWalk_a297ab5bde8ec0bd64a1c091dda2eaca65afc15c52945ad0cddb7e097e5f2de8   78 x  144
  ownedReading_carryWalk_SE_7_0     192 x  240
  readingLayer_carryWalk_7d1f861335ce1dccf1baa401cf71426dee1b660ac9acf15cfbaf1f7f1c24e585   76 x  142
  ownedReading_carryWalk_SE_7_1     192 x  240
  readingLayer_carryWalk_6c5bfd159ef63a57ab2298d775ebf0796b721acf23cbce0b68765a31c874f143   76 x  142
  ownedReading_carryWalk_SE_7_2     192 x  240
  readingLayer_carryWalk_847e75fb31682dbd197c47c4d23c097de6f3914932b4ebabc045dfdf11b872e7   76 x  156
  readingLayer_carryWalk_7395de6d4808762dba3567b77f3f9c29819c3e5153d7556824a6ddd6f357c181   78 x  158
  ownedReading_carryWalk_NW_7_0     192 x  240
  readingLayer_carryWalk_f941af02f1d67a20e50ce7ea29e5788f142a908a42d0bddc353748a0a7032ce1   76 x  156
  ownedReading_carryWalk_NW_7_1     192 x  240
  readingLayer_carryWalk_0c15c0c19e95ea4a86d2a2ad710461f705d33a6f9a1113ecb6adc65af4e48a02   76 x  156
  ownedReading_carryWalk_NW_7_2     192 x  240
  readingLayer_carryWalk_6fcc09dac6f379d4595b0f958fd738f80fc4765433fc5e2ad3d60d901b318add   69 x  174
  readingLayer_carryWalk_4607a24a4411f3582270772f051b4d585591dda1e8062ff2c8af45d69812b40a   71 x  176
  ownedReading_carryWalk_SW_7_0     192 x  240
  readingLayer_carryWalk_77311bfa9bc0e21980c54bc31882feb445919c8ee67b448db7e2aee87517d114   69 x  174
  ownedReading_carryWalk_SW_7_1     192 x  240
  readingLayer_carryWalk_28c5785909f098af66cd1f01a8bbdf009e888d2de78d438fff7f6165e1107ec9   69 x  174
  ownedReading_carryWalk_SW_7_2     192 x  240
  readingLayer_carryWalk_de44e3137cbcb1b233475492224bcc2a96cd3a5348c47b9f44240b29a1c9a889   69 x  147
  readingLayer_carryWalk_391283b7cd269882d627ef42a6d16280efc5a31ad504c4dcd4efc395d0477e78   71 x  149
  ownedReading_carryWalk_NE_7_0     192 x  240
  readingLayer_carryWalk_70d10a23f0c1f0f4a7d921e0c5f013f479bd4e6495de82ab095be627142591c6   69 x  147
  ownedReading_carryWalk_NE_7_1     192 x  240
  readingLayer_carryWalk_bd620c9da0d374b47376dda4fdb23855ad27ec0d893a39453978a708e14d2a23   69 x  147
  ownedReading_carryWalk_NE_7_2     192 x  240
  readingLayer_dining_da34ff8b751f8becc13363b09ffe84f5536561cb49803b9c2c2abf8411b2f7e4   73 x  120
  readingLayer_dining_47eb95503fa9d5e12c39bbb3712d36621432fbb543dde090082eb35f4a5a6789   69 x  148
  readingLayer_dining_df3f619804a92fdb4057192dc43dd748ea778adc52bc498ce80524c014b81119    1 x    1
  readingLayer_dining_74675f85dd6411b6579653ac596a9d76e743ef205d7e747a750e29212adad54f  109 x  150
  ownedReading_dining_SE_0_0        192 x  240
  ownedReading_dining_SE_1_0        192 x  240
  ownedReading_dining_SE_2_0        192 x  240
  ownedReading_dining_SE_3_0        192 x  240
  readingLayer_dining_69472efc008f061f352a553670058ff4d8bd2f0c2937685c345c16253c8497ad   69 x  148
  ownedReading_dining_SE_0_1        192 x  240
  ownedReading_dining_SE_1_1        192 x  240
  ownedReading_dining_SE_2_1        192 x  240
  ownedReading_dining_SE_3_1        192 x  240
  readingLayer_dining_804e1090bd544e5f0a424bc7821833bc8704b9377634630e4422c1ea2cf75825   69 x  148
  ownedReading_dining_SE_0_2        192 x  240
  ownedReading_dining_SE_1_2        192 x  240
  ownedReading_dining_SE_2_2        192 x  240
  ownedReading_dining_SE_3_2        192 x  240
  readingLayer_dining_549f4ab11ba0535413e123ea00e2d6b452cb9e72480dff7cd12132296782f8e5   78 x  102
  readingLayer_dining_90ac8584ff20cc635c4d8cee52f60ff4a1c218ef696906f5559e5a796c12055e   69 x  138
  readingLayer_dining_08fa13cbe40a7272b12d4e827735ee07e210b0a14f9652d36bbcae9dbf0cc65c  109 x  178
  ownedReading_dining_NW_0_0        192 x  240
  ownedReading_dining_NW_1_0        192 x  240
  ownedReading_dining_NW_2_0        192 x  240
  ownedReading_dining_NW_3_0        192 x  240
  readingLayer_dining_74842590714df4f8abfbeb85f2068ec35cdae410731472fe44c80cf24e4bc096   69 x  138
  ownedReading_dining_NW_0_1        192 x  240
  ownedReading_dining_NW_1_1        192 x  240
  ownedReading_dining_NW_2_1        192 x  240
  ownedReading_dining_NW_3_1        192 x  240
  readingLayer_dining_81a47d8640fe7940acdd0503263d9ef772950f5e144880bfec61851f2f7c0ef0   69 x  138
  ownedReading_dining_NW_0_2        192 x  240
  ownedReading_dining_NW_1_2        192 x  240
  ownedReading_dining_NW_2_2        192 x  240
  ownedReading_dining_NW_3_2        192 x  240
  readingLayer_dining_9fd7959cd6a2165b93edf95d54549b75e543a42f1bd9ecb5ab808938273f9f5b   78 x  102
  readingLayer_dining_5488124e938405a6936e35fefe66defa7ee0ab59cd2a309b1b990e45d84d7519   69 x  144
  readingLayer_dining_b94d93dc6a3613017eb2ab22fb949e53c2f378f9bf20d5f8f344594091aedfd3  109 x  184
  ownedReading_dining_SW_0_0        192 x  240
  ownedReading_dining_SW_1_0        192 x  240
  ownedReading_dining_SW_2_0        192 x  240
  ownedReading_dining_SW_3_0        192 x  240
  readingLayer_dining_7fa299fa9efea5635a29efa5879d19d089a62b488a09c6b05965ec069866bf39   69 x  144
  ownedReading_dining_SW_0_1        192 x  240
  ownedReading_dining_SW_1_1        192 x  240
  ownedReading_dining_SW_2_1        192 x  240
  ownedReading_dining_SW_3_1        192 x  240
  readingLayer_dining_1c266133383d4226efe300b0cbc22bb6b99779c307b6b642568ea7c68fedaef9   69 x  144
  ownedReading_dining_SW_0_2        192 x  240
  ownedReading_dining_SW_1_2        192 x  240
  ownedReading_dining_SW_2_2        192 x  240
  ownedReading_dining_SW_3_2        192 x  240
  readingLayer_dining_39ab9d6db8e61e09912731141d89b98d7296a8338cca3b11b28817c815c6ff2a   73 x  120
  readingLayer_dining_5035ba1c40f02c52ee7e9f31d6b878f6d87254ba9619fdef85768e500474b7e2   69 x  147
  readingLayer_dining_b366807759454f651e0501ad98062ce1e0731fa978927ace205616282e81ff42  109 x  149
  ownedReading_dining_NE_0_0        192 x  240
  ownedReading_dining_NE_1_0        192 x  240
  ownedReading_dining_NE_2_0        192 x  240
  ownedReading_dining_NE_3_0        192 x  240
  readingLayer_dining_a19fd858a9d8d445b4993b5935f8ce7e5d4d287c46852308e83cd11d80f24395   69 x  147
  ownedReading_dining_NE_0_1        192 x  240
  ownedReading_dining_NE_1_1        192 x  240
  ownedReading_dining_NE_2_1        192 x  240
  ownedReading_dining_NE_3_1        192 x  240
  readingLayer_dining_6555e01ef8252e19d192bfde556f6ec9e60364803460031ec589683842e332bd   69 x  147
  ownedReading_dining_NE_0_2        192 x  240
  ownedReading_dining_NE_1_2        192 x  240
  ownedReading_dining_NE_2_2        192 x  240
  ownedReading_dining_NE_3_2        192 x  240
  readingLayer_office_a3fbb46b837b8080b3c7ef5a4b0e438838d57591e5fde35eea72bdf4e33879d4   63 x  123
  readingLayer_office_7fd8894a5c0ebf883c6096e971277243b55c9ed157ed9d2225b91e4ad583bb5c   69 x  150
  readingLayer_office_df3f619804a92fdb4057192dc43dd748ea778adc52bc498ce80524c014b81119    1 x    1
  readingLayer_office_1543d48d0faf15c248102b2f462ab6e377806e9a9986e4d961d29792fd09afde  110 x  152
  ownedReading_office_SE_0_0        192 x  240
  ownedReading_office_SE_1_0        192 x  240
  ownedReading_office_SE_2_0        192 x  240
  ownedReading_office_SE_3_0        192 x  240
  readingLayer_office_8f75979ef3f67e98fbff7e9d7dc69618fe31649942b6b74f30ab679c98ddb6fe   69 x  150
  ownedReading_office_SE_0_1        192 x  240
  ownedReading_office_SE_1_1        192 x  240
  ownedReading_office_SE_2_1        192 x  240
  ownedReading_office_SE_3_1        192 x  240
  readingLayer_office_a5a164696ade9fab81c7f76c125ad3828d85b73e5599b52f3eaf1c319db1e802   69 x  150
  ownedReading_office_SE_0_2        192 x  240
  ownedReading_office_SE_1_2        192 x  240
  ownedReading_office_SE_2_2        192 x  240
  ownedReading_office_SE_3_2        192 x  240
  readingLayer_office_3c66327d30ba66b51e28655f9501b0e83090a82db72fdcda6158994adb125d57   79 x  102
  readingLayer_office_6cc8b996304b46b07b67c4db84457eac358d53b3061338b573f8a174b04b9ac0   69 x  139
  readingLayer_office_0a1b85b7ed248b8f1edfdc1bcfe33f1d18d79e9fc2004fa4e5e2de47b2875b8c  110 x  177
  ownedReading_office_NW_0_0        192 x  240
  ownedReading_office_NW_1_0        192 x  240
  ownedReading_office_NW_2_0        192 x  240
  ownedReading_office_NW_3_0        192 x  240
  readingLayer_office_90b6413b2ee0514fe760f34b8b435c57fc3ee340a686d9b0e093995b8f2801ba   69 x  139
  ownedReading_office_NW_0_1        192 x  240
  ownedReading_office_NW_1_1        192 x  240
  ownedReading_office_NW_2_1        192 x  240
  ownedReading_office_NW_3_1        192 x  240
  readingLayer_office_c0c4182b7e3097032038a837a06d2db6a968a553e1eb4b3ee72eb2a86bba1001   69 x  139
  ownedReading_office_NW_0_2        192 x  240
  ownedReading_office_NW_1_2        192 x  240
  ownedReading_office_NW_2_2        192 x  240
  ownedReading_office_NW_3_2        192 x  240
  readingLayer_office_142870982d41396ecc1a6631f9fe6113547dea95eaf8c593fa7df3c2a0f0ebd4   79 x  102
  readingLayer_office_e01594576f8d6a657ccf0e8f3790b240e1e7b7cc3f388f3df5c4d4ec2c893947   69 x  145
  readingLayer_office_aa4d9259f18d25e2986ff758586f976493d0a9f849200289825986f402447cf9  110 x  183
  ownedReading_office_SW_0_0        192 x  240
  ownedReading_office_SW_1_0        192 x  240
  ownedReading_office_SW_2_0        192 x  240
  ownedReading_office_SW_3_0        192 x  240
  readingLayer_office_f9627a1edff279c25d06f08d48310f2b6a63171358ce96677d48239d27af1302   69 x  145
  ownedReading_office_SW_0_1        192 x  240
  ownedReading_office_SW_1_1        192 x  240
  ownedReading_office_SW_2_1        192 x  240
  ownedReading_office_SW_3_1        192 x  240
  readingLayer_office_48bc34532604f71ced7008048a85eb6b5916b403dd4b5bd66380218794e8301f   69 x  145
  ownedReading_office_SW_0_2        192 x  240
  ownedReading_office_SW_1_2        192 x  240
  ownedReading_office_SW_2_2        192 x  240
  ownedReading_office_SW_3_2        192 x  240
  readingLayer_office_c22a4bccca56397d234eeaafd5a69a0b8ca58cbaead55bf3bf200c7a5256b79c   63 x  123
  readingLayer_office_141451c5196260438ecc3748e2d69bdd51b52f07023c5ce78c173b9923a2b2c5   69 x  148
  readingLayer_office_3f391ebacc62e125747a32f4129362ba63af2041ebbebebceb853d554f79c072  110 x  150
  ownedReading_office_NE_0_0        192 x  240
  ownedReading_office_NE_1_0        192 x  240
  ownedReading_office_NE_2_0        192 x  240
  ownedReading_office_NE_3_0        192 x  240
  readingLayer_office_b4da70c505ac2f6c6fbed914c0c7303d95f6199dd933a311abc1a100f5365a93   69 x  148
  ownedReading_office_NE_0_1        192 x  240
  ownedReading_office_NE_1_1        192 x  240
  ownedReading_office_NE_2_1        192 x  240
  ownedReading_office_NE_3_1        192 x  240
  readingLayer_office_8a7db35c33a316125571adfb1065f0a303dee15905a20dd381131a5901d1d633   69 x  148
  ownedReading_office_NE_0_2        192 x  240
  ownedReading_office_NE_1_2        192 x  240
  ownedReading_office_NE_2_2        192 x  240
  ownedReading_office_NE_3_2        192 x  240
  readingLayer_ottoman_92939051eac3d72e553bd54d65d1d5bf01e8317c4848cd6fb84a31ba7d1f5c5a   94 x   83
  readingLayer_ottoman_b7bb318fa306b38c7ff153e3f59f89399bfb81f138cbef13b83b98db9b1f703b   69 x  141
  readingLayer_ottoman_df3f619804a92fdb4057192dc43dd748ea778adc52bc498ce80524c014b81119    1 x    1
  readingLayer_ottoman_c9ee9b05780c832f35d10ef2efd7e4d540fe4b26c88b6317b3c3f5880dcd38f2  113 x  143
  ownedReading_ottoman_SE_0_0       192 x  240
  ownedReading_ottoman_SE_1_0       192 x  240
  ownedReading_ottoman_SE_2_0       192 x  240
  ownedReading_ottoman_SE_3_0       192 x  240
  readingLayer_ottoman_c733510d52e849a011780c542e5fe52e96ad24dd94c8a8e9b2b96b0cd470aa33   69 x  141
  ownedReading_ottoman_SE_0_1       192 x  240
  ownedReading_ottoman_SE_1_1       192 x  240
  ownedReading_ottoman_SE_2_1       192 x  240
  ownedReading_ottoman_SE_3_1       192 x  240
  readingLayer_ottoman_8fafeb878acd51d04119c71d472f59d7c807f0ce91bcb137a522e9c048f72601   69 x  141
  ownedReading_ottoman_SE_0_2       192 x  240
  ownedReading_ottoman_SE_1_2       192 x  240
  ownedReading_ottoman_SE_2_2       192 x  240
  ownedReading_ottoman_SE_3_2       192 x  240
  readingLayer_ottoman_7a72a7be1f9730789f8005a347ecc7c2082eee4ee19579d2ae8ad15d5269d303   94 x   81
  readingLayer_ottoman_226fde412ff7dc624743461e58a57d057de4a88157b745774553e8de85d9df80   69 x  124
  readingLayer_ottoman_a33694c7c5c0918e243a709ae4d9f89ac580859e17e39075225bf1def925744a  113 x  168
  ownedReading_ottoman_NW_0_0       192 x  240
  ownedReading_ottoman_NW_1_0       192 x  240
  ownedReading_ottoman_NW_2_0       192 x  240
  ownedReading_ottoman_NW_3_0       192 x  240
  readingLayer_ottoman_e5f2b8edfad877508cc7baf4f27803ab03f4a41df023a0bce59d45e73eaea8fd   69 x  124
  ownedReading_ottoman_NW_0_1       192 x  240
  ownedReading_ottoman_NW_1_1       192 x  240
  ownedReading_ottoman_NW_2_1       192 x  240
  ownedReading_ottoman_NW_3_1       192 x  240
  readingLayer_ottoman_a25bf00bc3e3a35a8b37dc3722e22eb52d4140f3ae66da29e17deae450b5a0bd   69 x  124
  ownedReading_ottoman_NW_0_2       192 x  240
  ownedReading_ottoman_NW_1_2       192 x  240
  ownedReading_ottoman_NW_2_2       192 x  240
  ownedReading_ottoman_NW_3_2       192 x  240
  readingLayer_ottoman_ddb95a23e0b46065764fbb5397c895fbff7cca6a080420b17035ed9da048b051   94 x   81
  readingLayer_ottoman_edd4827918a695236ebadfaae2ea3811d2153a851f46678f1c5147af3c0a14d3   69 x  131
  readingLayer_ottoman_2aa4799f855029053c6868b47d7c5376b84f06f8bd69fa4113cedfa88e5718bf  113 x  175
  ownedReading_ottoman_SW_0_0       192 x  240
  ownedReading_ottoman_SW_1_0       192 x  240
  ownedReading_ottoman_SW_2_0       192 x  240
  ownedReading_ottoman_SW_3_0       192 x  240
  readingLayer_ottoman_617087536f0aa96acc9dcf141df410f05959c3729440e604c44c2121cfceead6   69 x  131
  ownedReading_ottoman_SW_0_1       192 x  240
  ownedReading_ottoman_SW_1_1       192 x  240
  ownedReading_ottoman_SW_2_1       192 x  240
  ownedReading_ottoman_SW_3_1       192 x  240
  readingLayer_ottoman_9c8d71b9cdd743af14f8ce543dfc7caa261879905938b75465571c70914afb7c   69 x  131
  ownedReading_ottoman_SW_0_2       192 x  240
  ownedReading_ottoman_SW_1_2       192 x  240
  ownedReading_ottoman_SW_2_2       192 x  240
  ownedReading_ottoman_SW_3_2       192 x  240
  readingLayer_ottoman_12d8ffdf5ac25896cff8e1a43ec36c1671c95b8d1445af268597e39e5dbdef85   94 x   83
  readingLayer_ottoman_b5bd2306808617bdb54a51eef83350b4a6628980672cee15f9c7de9d117e8c11   69 x  140
  readingLayer_ottoman_3c5ed1b4408ace5f3dfbda84dc83bbc957ad9b3ca7c5b0dadcf41c951bf8ecac  113 x  142
  ownedReading_ottoman_NE_0_0       192 x  240
  ownedReading_ottoman_NE_1_0       192 x  240
  ownedReading_ottoman_NE_2_0       192 x  240
  ownedReading_ottoman_NE_3_0       192 x  240
  readingLayer_ottoman_d4ffff814e802fa201e2d64ff8439bbb4d0e48df55328fcf6dedce109d07f8db   69 x  140
  ownedReading_ottoman_NE_0_1       192 x  240
  ownedReading_ottoman_NE_1_1       192 x  240
  ownedReading_ottoman_NE_2_1       192 x  240
  ownedReading_ottoman_NE_3_1       192 x  240
  readingLayer_ottoman_79fbc60b198e4d18e9a1b88355d3ba757a1bceeff9c4095cbbe625044b9baf84   69 x  140
  ownedReading_ottoman_NE_0_2       192 x  240
  ownedReading_ottoman_NE_1_2       192 x  240
  ownedReading_ottoman_NE_2_2       192 x  240
  ownedReading_ottoman_NE_3_2       192 x  240
  readingLayer_reading_6cdc8f423501f39b52d8cc6148ddcb784c96c152cf8c84fe6344dbf95cdc9036   94 x  138
  readingLayer_reading_b3e81a7afe2c76ef7aaf8a9ffecdc14b26216f8d76401348bf3f4cf36d5eb63e   69 x  140
  readingLayer_reading_df3f619804a92fdb4057192dc43dd748ea778adc52bc498ce80524c014b81119    1 x    1
  readingLayer_reading_067cb4405749181bb42574185c3b99df685b2c17ee76033956cf97e51549bc08  114 x  143
  ownedReading_reading_SE_0_0       192 x  240
  ownedReading_reading_SE_1_0       192 x  240
  ownedReading_reading_SE_2_0       192 x  240
  ownedReading_reading_SE_3_0       192 x  240
  readingLayer_reading_2b3f2cd9b9c6b6f420c5ac2994efeb51936ce18d6fde510938dd13efe497aaf2   69 x  140
  ownedReading_reading_SE_0_1       192 x  240
  ownedReading_reading_SE_1_1       192 x  240
  ownedReading_reading_SE_2_1       192 x  240
  ownedReading_reading_SE_3_1       192 x  240
  readingLayer_reading_072c605679823c81744b05808dab7a801d0cb4364900ebac0ea42b63d0802ee0   69 x  140
  ownedReading_reading_SE_0_2       192 x  240
  ownedReading_reading_SE_1_2       192 x  240
  ownedReading_reading_SE_2_2       192 x  240
  ownedReading_reading_SE_3_2       192 x  240
  readingLayer_reading_2a3ed8e157afb312aac17a3b768b24c6bad2ec1a94aa142106885bdb23e400bd   94 x  120
  readingLayer_reading_99c4bbfd2fb53bb71d2f6d07ea047289f8ad5c327fb0c8808e7269a25beee640   69 x  140
  readingLayer_reading_fef847fa224c4a5843de77c1961e2c47d3992d05c3dac3d8288f272464901bf1  114 x  183
  ownedReading_reading_NW_0_0       192 x  240
  ownedReading_reading_NW_1_0       192 x  240
  ownedReading_reading_NW_2_0       192 x  240
  ownedReading_reading_NW_3_0       192 x  240
  readingLayer_reading_8530f1ca6242ede4c3697b6f9fa563ff4035ddb9420f5678943c8538cbf9c227   69 x  140
  ownedReading_reading_NW_0_1       192 x  240
  ownedReading_reading_NW_1_1       192 x  240
  ownedReading_reading_NW_2_1       192 x  240
  ownedReading_reading_NW_3_1       192 x  240
  readingLayer_reading_193e7ba6602ae9a51b04e495345f0ccd5ca7005ef0f242e6254d168e2bff7ab1   69 x  140
  ownedReading_reading_NW_0_2       192 x  240
  ownedReading_reading_NW_1_2       192 x  240
  ownedReading_reading_NW_2_2       192 x  240
  ownedReading_reading_NW_3_2       192 x  240
  readingLayer_reading_0d5d4efa4742a9753a7ad81333cb963a82b21b3c5db6001f9b44aa91834a36d3   94 x  138
  readingLayer_reading_06552c86118bff4f32d242001cf84676f9148c26689a7280ceef47cce89612cb   69 x  141
  readingLayer_reading_e027c9d60733a07d7a4361575cfdc7db1412579c07c70c3e4510919a772e3c16  114 x  143
  ownedReading_reading_SW_0_0       192 x  240
  ownedReading_reading_SW_1_0       192 x  240
  ownedReading_reading_SW_2_0       192 x  240
  ownedReading_reading_SW_3_0       192 x  240
  readingLayer_reading_a4157c0b2580649879d80ee949d6de28e12446e859716e5b7a5b9b4c3377d114   69 x  141
  ownedReading_reading_SW_0_1       192 x  240
  ownedReading_reading_SW_1_1       192 x  240
  ownedReading_reading_SW_2_1       192 x  240
  ownedReading_reading_SW_3_1       192 x  240
  readingLayer_reading_60f2153a5102c75bd16f8b15b7cdc8bed0a29f1c394542e7d157b662b1233ebd   69 x  141
  ownedReading_reading_SW_0_2       192 x  240
  ownedReading_reading_SW_1_2       192 x  240
  ownedReading_reading_SW_2_2       192 x  240
  ownedReading_reading_SW_3_2       192 x  240
  readingLayer_reading_ef31e1185b95fc0c88feace978f75b43f26be006075333f3f4716af1b33ff322   94 x  120
  readingLayer_reading_3c731098891d7d3b20d95532800750ccd33ce0f7e03273bc380681bc04aa20f6   69 x  134
  readingLayer_reading_504da9aa06995f3750097c2ec9919fbf76823ab139f1575033e1cbd73136075b  114 x  177
  ownedReading_reading_NE_0_0       192 x  240
  ownedReading_reading_NE_1_0       192 x  240
  ownedReading_reading_NE_2_0       192 x  240
  ownedReading_reading_NE_3_0       192 x  240
  readingLayer_reading_2dbaf94f7f6d36892a1bc48220c2857c41269abd659d2afa54763b9ebd84e120   69 x  134
  ownedReading_reading_NE_0_1       192 x  240
  ownedReading_reading_NE_1_1       192 x  240
  ownedReading_reading_NE_2_1       192 x  240
  ownedReading_reading_NE_3_1       192 x  240
  readingLayer_reading_f4b9fad18a6a9a882f736b087c2a31b5773bd591794a0a54c1e0cd0a7e8a105f   69 x  134
  ownedReading_reading_NE_0_2       192 x  240
  ownedReading_reading_NE_1_2       192 x  240
  ownedReading_reading_NE_2_2       192 x  240
  ownedReading_reading_NE_3_2       192 x  240
  readingLayer_standingRead_df3f619804a92fdb4057192dc43dd748ea778adc52bc498ce80524c014b81119    1 x    1
  readingLayer_standingRead_d1c5d4ec0cec58ccc38acb707c65972801614cc6d6785b51f5306308b280a508   69 x  149
  readingLayer_standingRead_16229ce2ff947ed13f300251a3bf5a725b855fc0911105a2e393d37f848f8837   71 x  151
  ownedReading_standingRead_SE_0_0  192 x  240
  ownedReading_standingRead_SE_1_0  192 x  240
  ownedReading_standingRead_SE_2_0  192 x  240
  ownedReading_standingRead_SE_3_0  192 x  240
  readingLayer_standingRead_1c112d9a20901109bea3db96101307cf41f3dd83488456153d3fbf62a925e4fa   69 x  149
  ownedReading_standingRead_SE_0_1  192 x  240
  ownedReading_standingRead_SE_1_1  192 x  240
  ownedReading_standingRead_SE_2_1  192 x  240
  ownedReading_standingRead_SE_3_1  192 x  240
  readingLayer_standingRead_0537681d6682d83831e1cdb12648c31fb393f38f1603f2e38d6ab66607d0a8f5   69 x  149
  ownedReading_standingRead_SE_0_2  192 x  240
  ownedReading_standingRead_SE_1_2  192 x  240
  ownedReading_standingRead_SE_2_2  192 x  240
  ownedReading_standingRead_SE_3_2  192 x  240
  readingLayer_standingRead_aa89a3c13a3d622eb6d2eba3f077e52cec5c6c1254bc46078e53a6a0a1f9b2bf   69 x  165
  readingLayer_standingRead_82ef046b278248fb6c583c1972db73bb3018a823b80ace7aa6a2104ee06e5773   71 x  167
  ownedReading_standingRead_NW_0_0  192 x  240
  ownedReading_standingRead_NW_1_0  192 x  240
  ownedReading_standingRead_NW_2_0  192 x  240
  ownedReading_standingRead_NW_3_0  192 x  240
  readingLayer_standingRead_c2b80afb81d762ed739ba26537aa6fa7d1d76147806463899954121d9766bc11   69 x  165
  ownedReading_standingRead_NW_0_1  192 x  240
  ownedReading_standingRead_NW_1_1  192 x  240
  ownedReading_standingRead_NW_2_1  192 x  240
  ownedReading_standingRead_NW_3_1  192 x  240
  readingLayer_standingRead_48609b3cf098c0f6f7f48b756fc8b42296d1e53e41479cb66dad062d5fcd8baf   69 x  165
  ownedReading_standingRead_NW_0_2  192 x  240
  ownedReading_standingRead_NW_1_2  192 x  240
  ownedReading_standingRead_NW_2_2  192 x  240
  ownedReading_standingRead_NW_3_2  192 x  240
  readingLayer_standingRead_14e1935d87648cbe08f6e45fd483a2ab646ecab40e3f13748ced4439a3cdaf09   69 x  171
  readingLayer_standingRead_4949f5f42be35ab48ef98cf3d023092e995ed42dc660d42568eeec1f57ad8f7e   71 x  173
  ownedReading_standingRead_SW_0_0  192 x  240
  ownedReading_standingRead_SW_1_0  192 x  240
  ownedReading_standingRead_SW_2_0  192 x  240
  ownedReading_standingRead_SW_3_0  192 x  240
  readingLayer_standingRead_09d8797fca8b550d043fb44faadc442293a9b75a3877ec154a2771c406a89cc8   69 x  171
  ownedReading_standingRead_SW_0_1  192 x  240
  ownedReading_standingRead_SW_1_1  192 x  240
  ownedReading_standingRead_SW_2_1  192 x  240
  ownedReading_standingRead_SW_3_1  192 x  240
  readingLayer_standingRead_7f1638f5f1721d0cd3e2301be758f6e95b3aa962af974a693ecfe645b0a5ac47   69 x  171
  ownedReading_standingRead_SW_0_2  192 x  240
  ownedReading_standingRead_SW_1_2  192 x  240
  ownedReading_standingRead_SW_2_2  192 x  240
  ownedReading_standingRead_SW_3_2  192 x  240
  readingLayer_standingRead_7d7fb608a4f6283904b06aad1175d9ebe8719357773ed2527f3954eb343d4f84   69 x  148
  readingLayer_standingRead_2d99a993e532777f25b120e5ce035fe6638dd27d547edd701bf6666833b14962   71 x  150
  ownedReading_standingRead_NE_0_0  192 x  240
  ownedReading_standingRead_NE_1_0  192 x  240
  ownedReading_standingRead_NE_2_0  192 x  240
  ownedReading_standingRead_NE_3_0  192 x  240
  readingLayer_standingRead_4258872a6fa56cc2a778dd018431536b65cf3e43ecbf7a42f863629a366973b7   69 x  148
  ownedReading_standingRead_NE_0_1  192 x  240
  ownedReading_standingRead_NE_1_1  192 x  240
  ownedReading_standingRead_NE_2_1  192 x  240
  ownedReading_standingRead_NE_3_1  192 x  240
  readingLayer_standingRead_9ec88cc053f5738d3e93eed62c2dc2e025c3f16594acb74268d1cb1bb7eea414   69 x  148
  ownedReading_standingRead_NE_0_2  192 x  240
  ownedReading_standingRead_NE_1_2  192 x  240
  ownedReading_standingRead_NE_2_2  192 x  240
  ownedReading_standingRead_NE_3_2  192 x  240
  ownedDroppedBookSE                 25 x   32
  ownedDroppedBookNW                 25 x   28
  ownedDroppedBookSW                 12 x   42
  ownedDroppedBookNE                 12 x   42
